,Pk_ID,Match_No,Game,POINT,Shot_no,Played_by,Shot,Placement,SCORE,LUCKY,TIMEOUT,SetWonby,ErrorType,Player_A_Name,Player_B_Name,Date,AttackingNonAttacking,AttackingNonAttacking_New,Combination_field,BinaryofAttackShot,POINT_AttackCombination,AttackedFirst,SERVICE_BY,RECEIVE,WINNER_SHOT_BY,MISSED_SHOT_BY,MissedType,WON_BY,Lost_BY,SCOREA,SCOREB,shots1_3,shots2_4,Last3shots,LastAnd3rdLast,LastAnd3rdLast_Placement,Second_Last_Shot,Last_Shot,Third_Last_Shot,First_Shot,Second_Shot,pointon2ndshot,pointon3rdshot,pointon4thshot,Point2ServiceByName,Point2Shot,Point2placement,Point3RerviceByName,Point3Shot,Point3placement,Serve_Place,Second_Last_placement,Second_Last_Reverse_Placement,WinnerShot,Unconditional,Conditional,WinType,Loston4th_1stshot,Loston4th_2ndshot,Loston4th_3rdshot,Loston4th_4thshot,Errorplacement,PlayerType,PlacementR_L,ErrorPlacementR_L,PlayingStyle,RubberCombination,Opponent,Opponent_Player_Type,Fourth_Last_Second_Last_Placement,Movement,Movement_new,PlayerAType,PlayerBType,Placement_A_B,X,Y,WinnerShotGTL,Gender,World_Rank,Reverse_Placement,Reverse_Row_ID,PLAYERA_ID,PLAYERB_ID,primary_key,ProcessStatus,ProcessMessage,ProcessDatetime,DataSource,ShotCodeIds,DataLock,UploadId,MatchType
0,1,3,1,1,1,Wesley,FH-SBL,EBHH,,,,,,Wesley,Manush,2018-09-28,Non Attacking Shot,Serve,3-1-1,0,1,,Y,,,,,,,99,99,,,,,,,,,FH-SBL,FH-DP,0,0,0,,,,,,,,,,,,,,,,,,,Lefty,EFHH,,Attacking,Plain(FH)-Plain(BH),Manush,Lefty,,,,Lefty,Lefty,EFHHB,0,0,,M,,EFHH,3,SPO_TT_2,SPO_TT_13,44132,1,Data Process successfully,2019-10-31 08:18:50.400,,,,,
1,2,3,1,1,1,Wesley,FH-SBL,EBHH,,,,,,Wesley,Manush,2018-09-28,Non Attacking Shot,Serve,3-1-1,0,1,,Y,,,,,,,99,99,,,,,,,,,FH-SBL,FH-DP,0,0,0,,,,,,,,,,,,,,,,,,,Lefty,EFHH,,Attacking,Plain(FH)-Plain(BH),Manush,Lefty,,,,Lefty,Lefty,EFHHB,0,0,,M,,EFHH,3,SPO_TT_2,SPO_TT_13,49276,1,Data Process successfully,2019-10-31 08:18:50.400,,,,,
2,3,3,1,1,2,Manush,FH-DP,BHH,,,,,,Wesley,Manush,2018-09-28,Non Attacking Shot,Non Attacking Shot,3-1-1,0,0,,,Y,,,,,,99,99,,,,,,,,,FH-SBL,FH-DP,0,0,0,,,,,,,,,,,,,,,,,,,Lefty,FHH,,Attacking,Plain(FH)-Plain(BH),Wesley,Lefty,,,,Lefty,Lefty,FHHA,0,0,FH-DP,M,,FHH,2,SPO_TT_2,SPO_TT_13,49277,1,Data Process successfully,2019-10-31 08:18:50.400,,,,,
3,4,3,1,1,3,Wesley,BH-TS,OUT,0-1,,,,Unforced,Wesley,Manush,2018-09-28,Attacking Shot,Attacking Shot,3-1-1,1,1,Wesley,,,,Wesley,OUT,Manush,Wesley,0,1,FH-SBL-BH-TS,,FH-SBL-FH-DP-BH-TS,FH-SBL-BH-TS,,FH-DP,BH-TS,FH-SBL,FH-SBL,FH-DP,0,1,0,,,,Manush,FH-DP,BHH,FH-SBL-EBHH,BHH,FHH,FH-DP,,FH-DP,Conditional,,,,,FHH,Lefty,OUT,FHH,Attacking,Plain(FH)-Plain(BH),Manush,Lefty,,,,Lefty,Lefty,OUTB,0,0,,M,,OUT,1,SPO_TT_2,SPO_TT_13,49278,1,Data Process successfully,2019-10-31 08:18:50.400,,,,,
4,5,3,1,2,1,Wesley,FH-RSBS,FHS,,,,,,Wesley,Manush,2018-09-28,Non Attacking Shot,Serve,3-1-2,0,1,,Y,,,,,,,99,99,,,,,,,,,FH-RSBS,FH-P,0,0,0,,,,,,,,,,,,,,,,,,,Lefty,BHS,,Attacking,Plain(FH)-Plain(BH),Manush,Lefty,,,,Lefty,Lefty,BHSB,0,0,,M,,BHS,3,SPO_TT_2,SPO_TT_13,49279,1,Data Process successfully,2019-10-31 08:18:50.400,,,,,
5,6,3,1,2,2,Manush,FH-P,EFHH,,,,,,Wesley,Manush,2018-09-28,Non Attacking Shot,Non Attacking Shot,3-1-2,0,0,,,Y,,,,,,99,99,,,,,,,,,FH-RSBS,FH-P,0,0,0,,,,,,,,,,,,,,,,,,,Lefty,EBHH,,Attacking,Plain(FH)-Plain(BH),Wesley,Lefty,,,,Lefty,Lefty,EBHHA,0,0,FH-P,M,,EBHH,2,SPO_TT_2,SPO_TT_13,49280,1,Data Process successfully,2019-10-31 08:18:50.400,,,,,
6,7,3,1,2,3,Wesley,FH-TS,OUT,0-2,,,,Unforced,Wesley,Manush,2018-09-28,Attacking Shot,Attacking Shot,3-1-2,1,1,Wesley,,,,Wesley,OUT,Manush,Wesley,0,1,FH-RSBS-FH-TS,,FH-RSBS-FH-P-FH-TS,FH-RSBS-FH-TS,,FH-P,FH-TS,FH-RSBS,FH-RSBS,FH-P,0,1,0,,,,Manush,FH-P,EFHH,FH-RSBS-FHS,EFHH,EBHH,FH-P,,FH-P,Conditional,,,,,EBHH,Lefty,OUT,EBHH,Attacking,Plain(FH)-Plain(BH),Manush,Lefty,,,,Lefty,Lefty,OUTB,0,0,,M,,OUT,1,SPO_TT_2,SPO_TT_13,49281,1,Data Process successfully,2019-10-31 08:18:50.400,,,,,
7,8,3,1,3,1,Manush,FH-BSS,CS,,,,,,Wesley,Manush,2018-09-28,Non Attacking Shot,Serve,3-1-3,0,1,,Y,,,,,,,99,99,,,,,,,,,FH-BSS,FH-DP,0,0,0,,,,,,,,,,,,,,,,,,,Lefty,CS,,Attacking,Plain(FH)-Plain(BH),Wesley,Lefty,,,,Lefty,Lefty,CSA,0,0,FH-BSS,M,,CS,2,SPO_TT_2,SPO_TT_13,49282,1,Data Process successfully,2019-10-31 08:18:50.400,,,,,
8,9,3,1,3,2,Wesley,FH-DP,NET,0-3,,,,Unforced,Wesley,Manush,2018-09-28,Non Attacking Shot,Non Attacking Shot,3-1-3,0,0,,,Y,,Wesley,NET,Manush,Wesley,0,1,,,,,,FH-BSS,FH-DP,,FH-BSS,FH-DP,1,0,0,Manush,FH-BSS,CS,,,,,CS,CS,FH-BSS,,FH-BSS,Conditional,,,,,CS,Lefty,NET,CS,Attacking,Plain(FH)-Plain(BH),Manush,Lefty,,,,Lefty,Lefty,NETB,0,0,,M,,NET,1,SPO_TT_2,SPO_TT_13,49283,1,Data Process successfully,2019-10-31 08:18:50.400,,,,,
9,10,3,1,4,1,Manush,FH-SBL,BHL,,,,,,Wesley,Manush,2018-09-28,Non Attacking Shot,Serve,3-1-4,0,1,,Y,,,,,,,99,99,,,,,,,,,FH-SBL,FH-TS,0,0,0,,,,,,,,,,,,,,,,,,,Lefty,FHL,,Attacking,Plain(FH)-Plain(BH),Wesley,Lefty,,,,Lefty,Lefty,FHLA,0,0,FH-SBL,M,,FHL,2,SPO_TT_2,SPO_TT_13,49284,1,Data Process successfully,2019-10-31 08:18:50.400,,,,,
10,11,3,1,4,2,Wesley,FH-TS,NET,0-4,,,,Unforced,Wesley,Manush,2018-09-28,Attacking Shot,Attacking Shot,3-1-4,1,1,Wesley,,Y,,Wesley,NET,Manush,Wesley,0,1,,,,,,FH-SBL,FH-TS,,FH-SBL,FH-TS,1,0,0,Manush,FH-SBL,BHL,,,,,BHL,FHL,FH-SBL,,FH-SBL,Conditional,,,,,FHL,Lefty,NET,FHL,Attacking,Plain(FH)-Plain(BH),Manush,Lefty,,,,Lefty,Lefty,NETB,0,0,,M,,NET,1,SPO_TT_2,SPO_TT_13,49285,1,Data Process successfully,2019-10-31 08:18:50.400,,,,,
11,12,3,1,5,1,Wesley,FH-SBL,BHL,,,,,,Wesley,Manush,2018-09-28,Non Attacking Shot,Serve,3-1-5,0,1,,Y,,,,,,,99,99,,,,,,,,,FH-SBL,BH-P,0,0,0,,,,,,,,,,,,,,,,,,,Lefty,FHL,,Attacking,Plain(FH)-Plain(BH),Manush,Lefty,,,,Lefty,Lefty,FHLB,0,0,,M,,FHL,3,SPO_TT_2,SPO_TT_13,49286,1,Data Process successfully,2019-10-31 08:18:50.400,,,,,
12,13,3,1,5,2,Manush,BH-P,BHL,,,,,,Wesley,Manush,2018-09-28,Non Attacking Shot,Non Attacking Shot,3-1-5,0,0,,,Y,,,,,,99,99,,,,,,,,,FH-SBL,BH-P,0,0,0,,,,,,,,,,,,,,,,,,,Lefty,FHL,,Attacking,Plain(FH)-Plain(BH),Wesley,Lefty,,,,Lefty,Lefty,FHLA,0,0,BH-P,M,,FHL,2,SPO_TT_2,SPO_TT_13,49287,1,Data Process successfully,2019-10-31 08:18:50.400,,,,,
13,14,3,1,5,3,Wesley,BH-TS,OUT,0-5,,,,Unforced,Wesley,Manush,2018-09-28,Attacking Shot,Attacking Shot,3-1-5,1,1,Wesley,,,,Wesley,OUT,Manush,Wesley,0,1,FH-SBL-BH-TS,,FH-SBL-BH-P-BH-TS,FH-SBL-BH-TS,,BH-P,BH-TS,FH-SBL,FH-SBL,BH-P,0,1,0,,,,Manush,BH-P,BHL,FH-SBL-BHL,BHL,FHL,BH-P,,BH-P,Conditional,,,,,FHL,Lefty,OUT,FHL,Attacking,Plain(FH)-Plain(BH),Manush,Lefty,,,,Lefty,Lefty,OUTB,0,0,,M,,OUT,1,SPO_TT_2,SPO_TT_13,49288,1,Data Process successfully,2019-10-31 08:18:50.400,,,,,
14,15,3,1,6,1,Wesley,FH-SBS,BHH,,,,,,Wesley,Manush,2018-09-28,Non Attacking Shot,Serve,3-1-6,0,1,,Y,,,,,,,99,99,,,,,,,,,FH-SBS,BN-FP,0,0,0,,,,,,,,,,,,,,,,,,,Lefty,FHH,,Attacking,Plain(FH)-Plain(BH),Manush,Lefty,,,,Lefty,Lefty,FHHB,0,0,,M,,FHH,3,SPO_TT_2,SPO_TT_13,49289,1,Data Process successfully,2019-10-31 08:18:50.400,,,,,
15,16,3,1,6,2,Manush,BN-FP,CL,,,,,,Wesley,Manush,2018-09-28,Attacking Shot,Attacking Shot,3-1-6,1,1,,,Y,,,,,,99,99,,,,,,,,,FH-SBS,BN-FP,0,0,0,,,,,,,,,,,,,,,,,,,Lefty,CL,,Attacking,Plain(FH)-Plain(BH),Wesley,Lefty,,,,Lefty,Lefty,CLA,0,0,BN-FP,M,,CL,2,SPO_TT_2,SPO_TT_13,49290,1,Data Process successfully,2019-10-31 08:18:50.400,,,,,
16,17,3,1,6,3,Wesley,FH-C,OUT,0-6,,,,Unforced,Wesley,Manush,2018-09-28,Non Attacking Shot,Non Attacking Shot,3-1-6,0,0,Manush,,,,Wesley,OUT,Manush,Wesley,0,1,FH-SBS-FH-C,,FH-SBS-BN-FP-FH-C,FH-SBS-FH-C,,BN-FP,FH-C,FH-SBS,FH-SBS,BN-FP,0,1,0,,,,Manush,BN-FP,CL,FH-SBS-BHH,CL,CL,BN-FP,,BN-FP,Conditional,,,,,CL,Lefty,OUT,CL,Attacking,Plain(FH)-Plain(BH),Manush,Lefty,,,,Lefty,Lefty,OUTB,0,0,,M,,OUT,1,SPO_TT_2,SPO_TT_13,49291,1,Data Process successfully,2019-10-31 08:18:50.400,,,,,
17,18,3,1,7,1,Manush,FH-BSS,CS,,,,,,Wesley,Manush,2018-09-28,Non Attacking Shot,Serve,3-1-7,0,1,,Y,,,,,,,99,99,,,,,,,,,FH-BSS,FH-DP,0,0,0,,,,,,,,,,,,,,,,,,,Lefty,CS,,Attacking,Plain(FH)-Plain(BH),Wesley,Lefty,,,,Lefty,Lefty,CSA,0,0,FH-BSS,M,,CS,2,SPO_TT_2,SPO_TT_13,49292,1,Data Process successfully,2019-10-31 08:18:50.400,,,,,
18,19,3,1,7,2,Wesley,FH-DP,NET,0-7,,,,Unforced,Wesley,Manush,2018-09-28,Non Attacking Shot,Non Attacking Shot,3-1-7,0,0,,,Y,,Wesley,NET,Manush,Wesley,0,1,,,,,,FH-BSS,FH-DP,,FH-BSS,FH-DP,1,0,0,Manush,FH-BSS,CS,,,,,CS,CS,FH-BSS,,FH-BSS,Conditional,,,,,CS,Lefty,NET,CS,Attacking,Plain(FH)-Plain(BH),Manush,Lefty,,,,Lefty,Lefty,NETB,0,0,,M,,NET,1,SPO_TT_2,SPO_TT_13,49293,1,Data Process successfully,2019-10-31 08:18:50.400,,,,,
19,20,3,1,8,1,Manush,FH-SSS,CS,,,,,,Wesley,Manush,2018-09-28,Non Attacking Shot,Serve,3-1-8,0,1,,Y,,,,,,,99,99,,,,,,,,,FH-SSS,FH-P,0,0,0,,,,,,,,,,,,,,,,,,,Lefty,CS,,Attacking,Plain(FH)-Plain(BH),Wesley,Lefty,,,,Lefty,Lefty,CSA,0,0,FH-SSS,M,,CS,2,SPO_TT_2,SPO_TT_13,49294,1,Data Process successfully,2019-10-31 08:18:50.400,,,,,
20,21,3,1,8,2,Wesley,FH-P,OUT,0-8,,,,Unforced,Wesley,Manush,2018-09-28,Non Attacking Shot,Non Attacking Shot,3-1-8,0,0,,,Y,,Wesley,OUT,Manush,Wesley,0,1,,,,,,FH-SSS,FH-P,,FH-SSS,FH-P,1,0,0,Manush,FH-SSS,CS,,,,,CS,CS,FH-SSS,,FH-SSS,Conditional,,,,,CS,Lefty,OUT,CS,Attacking,Plain(FH)-Plain(BH),Manush,Lefty,,,,Lefty,Lefty,OUTB,0,0,,M,,OUT,1,SPO_TT_2,SPO_TT_13,49295,1,Data Process successfully,2019-10-31 08:18:50.400,,,,,
21,22,3,1,9,1,Wesley,FH-SBS,BHS,,,,,,Wesley,Manush,2018-09-28,Non Attacking Shot,Serve,3-1-9,0,1,,Y,,,,,,,99,99,,,,,,,,,FH-SBS,FH-P,0,0,0,,,,,,,,,,,,,,,,,,,Lefty,FHS,,Attacking,Plain(FH)-Plain(BH),Manush,Lefty,,,Diagonal Movement,Lefty,Lefty,FHSB,0,0,,M,,FHS,4,SPO_TT_2,SPO_TT_13,49296,1,Data Process successfully,2019-10-31 08:18:50.400,,,,,
22,23,3,1,9,2,Manush,FH-P,CH,,,,,,Wesley,Manush,2018-09-28,Non Attacking Shot,Non Attacking Shot,3-1-9,0,0,,,Y,,,,,,99,99,,,,,,,,,FH-SBS,FH-P,0,0,0,,,,,,,,,,,,,,,,,,,Lefty,CH,,Attacking,Plain(FH)-Plain(BH),Wesley,Lefty,,,Diagonal Movement,Lefty,Lefty,CHA,0,0,,M,,CH,3,SPO_TT_2,SPO_TT_13,49297,1,Data Process successfully,2019-10-31 08:18:50.400,,,,,
23,24,3,1,9,3,Wesley,FH-TS,FHH,,,,,,Wesley,Manush,2018-09-28,Attacking Shot,Attacking Shot,3-1-9,1,1,,,,,,,,,99,99,FH-SBS-FH-TS,,,,,,,,FH-SBS,FH-P,0,0,0,,,,,,,,,,,,,,,,,,,Lefty,BHH,,Attacking,Plain(FH)-Plain(BH),Manush,Lefty,,,Diagonal Movement,Lefty,Lefty,BHHB,0,0,FH-TS,M,,BHH,2,SPO_TT_2,SPO_TT_13,49298,1,Data Process successfully,2019-10-31 08:18:50.400,,,,,
24,25,3,1,9,4,Manush,FH-CTS,MISSED,1-8,,,,Unforced,Wesley,Manush,2018-09-28,Attacking Shot,Attacking Shot,3-1-9,1,0,Wesley,,,,Manush,MISSED,Wesley,Manush,1,0,,FH-P-FH-CTS,FH-P-FH-TS-FH-CTS,FH-P-FH-CTS,BHS-FHH,FH-TS,FH-CTS,FH-P,FH-SBS,FH-P,0,0,1,,,,,,,,FHH,BHH,FH-TS,,FH-TS,Conditional,FH-SBS,FH-P,FH-TS,FH-CTS,BHH,Lefty,MISSED,BHH,Attacking,Plain(FH)-Plain(BH),Wesley,Lefty,BHS-FHH,Diagonal Movement,Diagonal Movement,Lefty,Lefty,MISSEDA,0,0,,M,,MISSED,1,SPO_TT_2,SPO_TT_13,49299,1,Data Process successfully,2019-10-31 08:18:50.400,,,,,
25,26,3,1,10,1,Wesley,FH-SBL,BHH,,,,,,Wesley,Manush,2018-09-28,Non Attacking Shot,Serve,3-1-10,0,1,,Y,,,,,,,99,99,,,,,,,,,FH-SBL,FH-P,0,0,0,,,,,,,,,,,,,,,,,,,Lefty,FHH,,Attacking,Plain(FH)-Plain(BH),Manush,Lefty,,,Diagonal Movement,Lefty,Lefty,FHHB,0,0,,M,,FHH,4,SPO_TT_2,SPO_TT_13,49300,1,Data Process successfully,2019-10-31 08:18:50.400,,,,,
26,27,3,1,10,2,Manush,FH-P,BHL,,,,,,Wesley,Manush,2018-09-28,Non Attacking Shot,Non Attacking Shot,3-1-10,0,0,,,Y,,,,,,99,99,,,,,,,,,FH-SBL,FH-P,0,0,0,,,,,,,,,,,,,,,,,,,Lefty,FHL,,Attacking,Plain(FH)-Plain(BH),Wesley,Lefty,,,Diagonal Movement,Lefty,Lefty,FHLA,0,0,,M,,FHL,3,SPO_TT_2,SPO_TT_13,49301,1,Data Process successfully,2019-10-31 08:18:50.400,,,,,
27,28,3,1,10,3,Wesley,BH-TS,FHL,,,,,,Wesley,Manush,2018-09-28,Attacking Shot,Attacking Shot,3-1-10,1,1,,,,,,,,,99,99,FH-SBL-BH-TS,,,,,,,,FH-SBL,FH-P,0,0,0,,,,,,,,,,,,,,,,,,,Lefty,BHL,,Attacking,Plain(FH)-Plain(BH),Manush,Lefty,,,Diagonal Movement,Lefty,Lefty,BHLB,0,0,BH-TS,M,,BHL,2,SPO_TT_2,SPO_TT_13,49302,1,Data Process successfully,2019-10-31 08:18:50.400,,,,,
28,29,3,1,10,4,Manush,NR,MISSWR,2-8,,,,Forced,Wesley,Manush,2018-09-28,Non Attacking Shot,Non Attacking Shot,3-1-10,0,0,Wesley,,,Wesley,Manush,MISSWR,Wesley,Manush,1,0,,FH-P-NR,FH-P-BH-TS-NR,FH-P-NR,BHH-FHL,BH-TS,NR,FH-P,FH-SBL,FH-P,0,0,1,,,,,,,,FHL,BHL,BH-TS,BH-TS,,Unconditional,FH-SBL,FH-P,BH-TS,NR,BHL,Lefty,MISSWR,BHL,Attacking,Plain(FH)-Plain(BH),Wesley,Lefty,BHH-FHL,Diagonal Movement,Diagonal Movement,Lefty,Lefty,MISSWRA,0,0,,M,,MISSWR,1,SPO_TT_2,SPO_TT_13,49303,1,Data Process successfully,2019-10-31 08:18:50.400,,,,,
29,30,3,1,11,1,Manush,FH-NSS,BHL,,,,,,Wesley,Manush,2018-09-28,Non Attacking Shot,Serve,3-1-11,0,1,,Y,,,,,,,99,99,,,,,,,,,FH-NSS,FH-TS,0,0,0,,,,,,,,,,,,,,,,,,,Lefty,FHL,,Attacking,Plain(FH)-Plain(BH),Wesley,Lefty,,,,Lefty,Lefty,FHLA,0,0,FH-NSS,M,,FHL,2,SPO_TT_2,SPO_TT_13,49304,1,Data Process successfully,2019-10-31 08:18:50.400,,,,,
30,31,3,1,11,2,Wesley,FH-TS,MISSED,2-9,,,,Unforced,Wesley,Manush,2018-09-28,Attacking Shot,Attacking Shot,3-1-11,1,1,Wesley,,Y,,Wesley,MISSED,Manush,Wesley,0,1,,,,,,FH-NSS,FH-TS,,FH-NSS,FH-TS,1,0,0,Manush,FH-NSS,BHL,,,,,BHL,FHL,FH-NSS,,FH-NSS,Conditional,,,,,FHL,Lefty,MISSED,FHL,Attacking,Plain(FH)-Plain(BH),Manush,Lefty,,,,Lefty,Lefty,MISSEDB,0,0,,M,,MISSED,1,SPO_TT_2,SPO_TT_13,49305,1,Data Process successfully,2019-10-31 08:18:50.400,,,,,
31,32,3,1,12,1,Manush,FH-BSS,CH,,,,,,Wesley,Manush,2018-09-28,Non Attacking Shot,Serve,3-1-12,0,1,,Y,,,,,,,99,99,,,,,,,,,FH-BSS,BN-FP,0,0,0,,,,,,,,,,,,,,,,,,,Lefty,CH,,Attacking,Plain(FH)-Plain(BH),Wesley,Lefty,,,Others,Lefty,Lefty,CHA,0,0,,M,,CH,9,SPO_TT_2,SPO_TT_13,49306,1,Data Process successfully,2019-10-31 08:18:50.400,,,,,
32,33,3,1,12,2,Wesley,BN-FP,CL,,,,,,Wesley,Manush,2018-09-28,Attacking Shot,Attacking Shot,3-1-12,1,1,,,Y,,,,,,99,99,,,,,,,,,FH-BSS,BN-FP,0,0,0,,,,,,,,,,,,,,,,,,,Lefty,CL,,Attacking,Plain(FH)-Plain(BH),Manush,Lefty,,,Others,Lefty,Lefty,CLB,0,0,,M,,CL,8,SPO_TT_2,SPO_TT_13,49307,1,Data Process successfully,2019-10-31 08:18:50.400,,,,,
33,34,3,1,12,3,Manush,FH-LB,CL,,,,,,Wesley,Manush,2018-09-28,Non Attacking Shot,Non Attacking Shot,3-1-12,0,0,,,,,,,,,99,99,FH-BSS-FH-LB,,,,,,,,FH-BSS,BN-FP,0,0,0,,,,,,,,,,,,,,,,,,,Lefty,CL,,Attacking,Plain(FH)-Plain(BH),Wesley,Lefty,,,Others,Lefty,Lefty,CLA,0,0,,M,,CL,7,SPO_TT_2,SPO_TT_13,49308,1,Data Process successfully,2019-10-31 08:18:50.400,,,,,
34,35,3,1,12,4,Wesley,FH-TS,CL,,,,,,Wesley,Manush,2018-09-28,Attacking Shot,Attacking Shot,3-1-12,1,0,,,,,,,,,99,99,,BN-FP-FH-TS,,,,,,,FH-BSS,BN-FP,0,0,0,,,,,,,,,,,,,,,,,,,Lefty,CL,,Attacking,Plain(FH)-Plain(BH),Manush,Lefty,,,Others,Lefty,Lefty,CLB,0,0,,M,,CL,6,SPO_TT_2,SPO_TT_13,49309,1,Data Process successfully,2019-10-31 08:18:50.400,,,,,
35,36,3,1,12,5,Manush,FH-LB,BHH,,,,,,Wesley,Manush,2018-09-28,Non Attacking Shot,Non Attacking Shot,3-1-12,0,0,,,,,,,,,99,99,,,,,,,,,FH-BSS,BN-FP,0,0,0,,,,,,,,,,,,,,,,,,,Lefty,FHH,,Attacking,Plain(FH)-Plain(BH),Wesley,Lefty,,,Others,Lefty,Lefty,FHHA,0,0,,M,,FHH,5,SPO_TT_2,SPO_TT_13,49310,1,Data Process successfully,2019-10-31 08:18:50.400,,,,,
36,37,3,1,12,6,Wesley,BH-R,BHL,,,,,,Wesley,Manush,2018-09-28,Attacking Shot,Attacking Shot,3-1-12,1,0,,,,,,,,,99,99,,,,,,,,,FH-BSS,BN-FP,0,0,0,,,,,,,,,,,,,,,,,,,Lefty,FHL,,Attacking,Plain(FH)-Plain(BH),Manush,Lefty,,,Others,Lefty,Lefty,FHLB,0,0,,M,,FHL,4,SPO_TT_2,SPO_TT_13,49311,1,Data Process successfully,2019-10-31 08:18:50.400,,,,,
37,38,3,1,12,7,Manush,BH-LB,EBHH,,,,,,Wesley,Manush,2018-09-28,Non Attacking Shot,Non Attacking Shot,3-1-12,0,0,,,,,,,,,99,99,,,,,,,,,FH-BSS,BN-FP,0,0,0,,,,,,,,,,,,,,,,,,,Lefty,EFHH,,Attacking,Plain(FH)-Plain(BH),Wesley,Lefty,,,Others,Lefty,Lefty,EFHHA,0,0,,M,,EFHH,3,SPO_TT_2,SPO_TT_13,49312,1,Data Process successfully,2019-10-31 08:18:50.400,,,,,
38,39,3,1,12,8,Wesley,FH-TS,EBHL,,,,,,Wesley,Manush,2018-09-28,Attacking Shot,Attacking Shot,3-1-12,1,0,,,,,,,,,99,99,,,,,,,,,FH-BSS,BN-FP,0,0,0,,,,,,,,,,,,,,,,,,,Lefty,EFHL,,Attacking,Plain(FH)-Plain(BH),Manush,Lefty,,,Others,Lefty,Lefty,EFHLB,0,0,FH-TS,M,,EFHL,2,SPO_TT_2,SPO_TT_13,49313,1,Data Process successfully,2019-10-31 08:18:50.400,,,,,
39,40,3,1,12,9,Manush,BH-TS,MISSED,3-9,,,,Unforced,Wesley,Manush,2018-09-28,Attacking Shot,Attacking Shot,3-1-12,1,0,Wesley,,,,Manush,MISSED,Wesley,Manush,1,0,,,BH-LB-FH-TS-BH-TS,BH-LB-BH-TS,BHL-EBHL,FH-TS,BH-TS,BH-LB,FH-BSS,BN-FP,0,0,0,,,,,,,,EBHL,EFHL,FH-TS,,FH-TS,Conditional,,,,,EFHL,Lefty,MISSED,EFHL,Attacking,Plain(FH)-Plain(BH),Wesley,Lefty,BHL-EBHL,Others,Others,Lefty,Lefty,MISSEDA,0,0,,M,,MISSED,1,SPO_TT_2,SPO_TT_13,49314,1,Data Process successfully,2019-10-31 08:18:50.400,,,,,
40,41,3,1,13,1,Wesley,FH-TMH,CL,,,,,,Wesley,Manush,2018-09-28,Non Attacking Shot,Serve,3-1-13,0,1,,Y,,,,,,,99,99,,,,,,,,,FH-TMH,BH-C,0,0,0,,,,,,,,,,,,,,,,,,,Lefty,CL,,Attacking,Plain(FH)-Plain(BH),Manush,Lefty,,,Lateral Movement,Lefty,Lefty,CLB,0,0,,M,,CL,4,SPO_TT_2,SPO_TT_13,49315,1,Data Process successfully,2019-10-31 08:18:50.400,,,,,
41,42,3,1,13,2,Manush,BH-C,BHL,,,,,,Wesley,Manush,2018-09-28,Non Attacking Shot,Non Attacking Shot,3-1-13,0,0,,,Y,,,,,,99,99,,,,,,,,,FH-TMH,BH-C,0,0,0,,,,,,,,,,,,,,,,,,,Lefty,FHL,,Attacking,Plain(FH)-Plain(BH),Wesley,Lefty,,,Lateral Movement,Lefty,Lefty,FHLA,0,0,,M,,FHL,3,SPO_TT_2,SPO_TT_13,49316,1,Data Process successfully,2019-10-31 08:18:50.400,,,,,
42,43,3,1,13,3,Wesley,BH-TS,BHL,,,,,,Wesley,Manush,2018-09-28,Attacking Shot,Attacking Shot,3-1-13,1,1,,,,,,,,,99,99,FH-TMH-BH-TS,,,,,,,,FH-TMH,BH-C,0,0,0,,,,,,,,,,,,,,,,,,,Lefty,FHL,,Attacking,Plain(FH)-Plain(BH),Manush,Lefty,,,Lateral Movement,Lefty,Lefty,FHLB,0,0,BH-TS,M,,FHL,2,SPO_TT_2,SPO_TT_13,49317,1,Data Process successfully,2019-10-31 08:18:50.400,,,,,
43,44,3,1,13,4,Manush,BH-BK,NET,4-9,,,,Unforced,Wesley,Manush,2018-09-28,Non Attacking Shot,Non Attacking Shot,3-1-13,0,0,Wesley,,,,Manush,NET,Wesley,Manush,1,0,,BH-C-BH-BK,BH-C-BH-TS-BH-BK,BH-C-BH-BK,CL-BHL,BH-TS,BH-BK,BH-C,FH-TMH,BH-C,0,0,1,,,,,,,,BHL,FHL,BH-TS,,BH-TS,Conditional,FH-TMH,BH-C,BH-TS,BH-BK,FHL,Lefty,NET,FHL,Attacking,Plain(FH)-Plain(BH),Wesley,Lefty,CL-BHL,Lateral Movement,Lateral Movement,Lefty,Lefty,NETA,0,0,,M,,NET,1,SPO_TT_2,SPO_TT_13,49318,1,Data Process successfully,2019-10-31 08:18:50.400,,,,,
44,45,3,1,14,1,Wesley,FH-TMH,BHL,,,,,,Wesley,Manush,2018-09-28,Non Attacking Shot,Serve,3-1-14,0,1,,Y,,,,,,,99,99,,,,,,,,,FH-TMH,BH-P,0,0,0,,,,,,,,,,,,,,,,,,,Lefty,FHL,,Attacking,Plain(FH)-Plain(BH),Manush,Lefty,,,Lateral Movement,Lefty,Lefty,FHLB,0,0,,M,,FHL,4,SPO_TT_2,SPO_TT_13,49319,1,Data Process successfully,2019-10-31 08:18:50.400,,,,,
45,46,3,1,14,2,Manush,BH-P,BHL,,,,,,Wesley,Manush,2018-09-28,Non Attacking Shot,Non Attacking Shot,3-1-14,0,0,,,Y,,,,,,99,99,,,,,,,,,FH-TMH,BH-P,0,0,0,,,,,,,,,,,,,,,,,,,Lefty,FHL,,Attacking,Plain(FH)-Plain(BH),Wesley,Lefty,,,Lateral Movement,Lefty,Lefty,FHLA,0,0,,M,,FHL,3,SPO_TT_2,SPO_TT_13,49320,1,Data Process successfully,2019-10-31 08:18:50.400,,,,,
46,47,3,1,14,3,Wesley,FH-TS,CL,,,,,,Wesley,Manush,2018-09-28,Attacking Shot,Attacking Shot,3-1-14,1,1,,,,,,,,,99,99,FH-TMH-FH-TS,,,,,,,,FH-TMH,BH-P,0,0,0,,,,,,,,,,,,,,,,,,,Lefty,CL,,Attacking,Plain(FH)-Plain(BH),Manush,Lefty,,,Lateral Movement,Lefty,Lefty,CLB,0,0,FH-TS,M,,CL,2,SPO_TT_2,SPO_TT_13,49321,1,Data Process successfully,2019-10-31 08:18:50.400,,,,,
47,48,3,1,14,4,Manush,BH-BK,OUT,5-9,,,,Unforced,Wesley,Manush,2018-09-28,Non Attacking Shot,Non Attacking Shot,3-1-14,0,0,Wesley,,,,Manush,OUT,Wesley,Manush,1,0,,BH-P-BH-BK,BH-P-FH-TS-BH-BK,BH-P-BH-BK,BHL-CL,FH-TS,BH-BK,BH-P,FH-TMH,BH-P,0,0,1,,,,,,,,CL,CL,FH-TS,,FH-TS,Conditional,FH-TMH,BH-P,FH-TS,BH-BK,CL,Lefty,OUT,CL,Attacking,Plain(FH)-Plain(BH),Wesley,Lefty,BHL-CL,Lateral Movement,Lateral Movement,Lefty,Lefty,OUTA,0,0,,M,,OUT,1,SPO_TT_2,SPO_TT_13,49322,1,Data Process successfully,2019-10-31 08:18:50.400,,,,,
48,49,3,1,15,1,Manush,SH-BSS,CS,,,,,,Wesley,Manush,2018-09-28,Non Attacking Shot,Serve,3-1-15,0,1,,Y,,,,,,,99,99,,,,,,,,,SH-BSS,BN-FP,0,0,0,,,,,,,,,,,,,,,,,,,Lefty,CS,,Attacking,Plain(FH)-Plain(BH),Wesley,Lefty,,,,Lefty,Lefty,CSA,0,0,SH-BSS,M,,CS,2,SPO_TT_2,SPO_TT_13,49323,1,Data Process successfully,2019-10-31 08:18:50.400,,,,,
49,50,3,1,15,2,Wesley,BN-FP,NET,5-10,,,,Unforced,Wesley,Manush,2018-09-28,Attacking Shot,Attacking Shot,3-1-15,1,1,Wesley,,Y,,Wesley,NET,Manush,Wesley,0,1,,,,,,SH-BSS,BN-FP,,SH-BSS,BN-FP,1,0,0,Manush,SH-BSS,CS,,,,,CS,CS,SH-BSS,,SH-BSS,Conditional,,,,,CS,Lefty,NET,CS,Attacking,Plain(FH)-Plain(BH),Manush,Lefty,,,,Lefty,Lefty,NETB,0,0,BN-FP,M,,NET,1,SPO_TT_2,SPO_TT_13,49324,1,Data Process successfully,2019-10-31 08:18:50.400,,,,,
50,51,3,1,16,1,Manush,FH-SM,NET,6-10,,,,Unforced,Wesley,Manush,2018-09-28,Attacking Shot,Attacking Shot,3-1-16,1,1,Manush,Y,,,Manush,NET,Wesley,Manush,1,0,,,,,,,FH-SM,,FH-SM,,0,0,0,,,,,,,,,,BN-FP,,BN-FP,Conditional,,,,,NET,Lefty,NET,,Attacking,Plain(FH)-Plain(BH),Wesley,Lefty,,,,Lefty,Lefty,NETA,0,0,,M,,NET,1,SPO_TT_2,SPO_TT_13,49325,1,Data Process successfully,2019-10-31 08:18:50.400,,,,,
51,52,3,1,17,1,Wesley,FH-SBS,BHS,,,,,,Wesley,Manush,2018-09-28,Non Attacking Shot,Serve,3-1-17,0,1,,Y,,,,,,,99,99,,,,,,,,,FH-SBS,FH-DP,0,0,0,,,,,,,,,,,,,,,,,,,Lefty,FHS,,Attacking,Plain(FH)-Plain(BH),Manush,Lefty,,,Diagonal Movement,Lefty,Lefty,FHSB,0,0,,M,,FHS,4,SPO_TT_2,SPO_TT_13,49326,1,Data Process successfully,2019-10-31 08:18:50.400,,,,,
52,53,3,1,17,2,Manush,FH-DP,FHS,,,,,,Wesley,Manush,2018-09-28,Non Attacking Shot,Non Attacking Shot,3-1-17,0,0,,,Y,,,,,,99,99,,,,,,,,,FH-SBS,FH-DP,0,0,0,,,,,,,,,,,,,,,,,,,Lefty,BHS,,Attacking,Plain(FH)-Plain(BH),Wesley,Lefty,,,Diagonal Movement,Lefty,Lefty,BHSA,0,0,,M,,BHS,3,SPO_TT_2,SPO_TT_13,49327,1,Data Process successfully,2019-10-31 08:18:50.400,,,,,
53,54,3,1,17,3,Wesley,FH-P,FHL,,,,,,Wesley,Manush,2018-09-28,Non Attacking Shot,Non Attacking Shot,3-1-17,0,0,,,,,,,,,99,99,FH-SBS-FH-P,,,,,,,,FH-SBS,FH-DP,0,0,0,,,,,,,,,,,,,,,,,,,Lefty,BHL,,Attacking,Plain(FH)-Plain(BH),Manush,Lefty,,,Diagonal Movement,Lefty,Lefty,BHLB,0,0,FH-P,M,,BHL,2,SPO_TT_2,SPO_TT_13,49328,1,Data Process successfully,2019-10-31 08:18:50.400,,,,,
54,55,3,1,17,4,Manush,FH-TS,MISSED,7-10,,,,Unforced,Wesley,Manush,2018-09-28,Attacking Shot,Attacking Shot,3-1-17,1,1,Manush,,,,Manush,MISSED,Wesley,Manush,1,0,,FH-DP-FH-TS,FH-DP-FH-P-FH-TS,FH-DP-FH-TS,BHS-FHL,FH-P,FH-TS,FH-DP,FH-SBS,FH-DP,0,0,1,,,,,,,,FHL,BHL,FH-P,,FH-P,Conditional,FH-SBS,FH-DP,FH-P,FH-TS,BHL,Lefty,MISSED,BHL,Attacking,Plain(FH)-Plain(BH),Wesley,Lefty,BHS-FHL,Diagonal Movement,Diagonal Movement,Lefty,Lefty,MISSEDA,0,0,,M,,MISSED,1,SPO_TT_2,SPO_TT_13,49329,1,Data Process successfully,2019-10-31 08:18:50.400,,,,,
55,56,3,1,18,1,Wesley,FH-RBSS,FHS,,,,,,Wesley,Manush,2018-09-28,Non Attacking Shot,Serve,3-1-18,0,1,,Y,,,,,,,99,99,,,,,,,,,FH-RBSS,FH-P,0,0,0,,,,,,,,,,,,,,,,,,,Lefty,BHS,,Attacking,Plain(FH)-Plain(BH),Manush,Lefty,,,Diagonal Movement,Lefty,Lefty,BHSB,0,0,,M,,BHS,4,SPO_TT_2,SPO_TT_13,49330,1,Data Process successfully,2019-10-31 08:18:50.400,,,,,
56,57,3,1,18,2,Manush,FH-P,BHL,,,,,,Wesley,Manush,2018-09-28,Non Attacking Shot,Non Attacking Shot,3-1-18,0,0,,,Y,,,,,,99,99,,,,,,,,,FH-RBSS,FH-P,0,0,0,,,,,,,,,,,,,,,,,,,Lefty,FHL,,Attacking,Plain(FH)-Plain(BH),Wesley,Lefty,,,Diagonal Movement,Lefty,Lefty,FHLA,0,0,,M,,FHL,3,SPO_TT_2,SPO_TT_13,49331,1,Data Process successfully,2019-10-31 08:18:50.400,,,,,
57,58,3,1,18,3,Wesley,FH-TS,CL,,,,,,Wesley,Manush,2018-09-28,Attacking Shot,Attacking Shot,3-1-18,1,1,,,,,,,,,99,99,FH-RBSS-FH-TS,,,,,,,,FH-RBSS,FH-P,0,0,0,,,,,,,,,,,,,,,,,,,Lefty,CL,,Attacking,Plain(FH)-Plain(BH),Manush,Lefty,,,Diagonal Movement,Lefty,Lefty,CLB,0,0,FH-TS,M,,CL,2,SPO_TT_2,SPO_TT_13,49332,1,Data Process successfully,2019-10-31 08:18:50.400,,,,,
58,59,3,1,18,4,Manush,BH-BK,MISSED,8-10,,,,Unforced,Wesley,Manush,2018-09-28,Non Attacking Shot,Non Attacking Shot,3-1-18,0,0,Wesley,,,,Manush,MISSED,Wesley,Manush,1,0,,FH-P-BH-BK,FH-P-FH-TS-BH-BK,FH-P-BH-BK,FHS-CL,FH-TS,BH-BK,FH-P,FH-RBSS,FH-P,0,0,1,,,,,,,,CL,CL,FH-TS,,FH-TS,Conditional,FH-RBSS,FH-P,FH-TS,BH-BK,CL,Lefty,MISSED,CL,Attacking,Plain(FH)-Plain(BH),Wesley,Lefty,FHS-CL,Diagonal Movement,Diagonal Movement,Lefty,Lefty,MISSEDA,0,0,,M,,MISSED,1,SPO_TT_2,SPO_TT_13,49333,1,Data Process successfully,2019-10-31 08:18:50.400,,,,,
59,60,3,1,19,1,Manush,FH-BSL,BHL,,,,,,Wesley,Manush,2018-09-28,Non Attacking Shot,Serve,3-1-19,0,1,,Y,,,,,,,99,99,,,,,,,,,FH-BSL,FH-TS,0,0,0,,,,,,,,,,,,,,,,,,,Lefty,FHL,,Attacking,Plain(FH)-Plain(BH),Wesley,Lefty,,,Lateral Movement,Lefty,Lefty,FHLA,0,0,,M,,FHL,4,SPO_TT_2,SPO_TT_13,49334,1,Data Process successfully,2019-10-31 08:18:50.400,,,,,
60,61,3,1,19,2,Wesley,FH-TS,EFHL,,,,,,Wesley,Manush,2018-09-28,Attacking Shot,Attacking Shot,3-1-19,1,1,,,Y,,,,,,99,99,,,,,,,,,FH-BSL,FH-TS,0,0,0,,,,,,,,,,,,,,,,,,,Lefty,EBHL,,Attacking,Plain(FH)-Plain(BH),Manush,Lefty,,,Lateral Movement,Lefty,Lefty,EBHLB,0,0,,M,,EBHL,3,SPO_TT_2,SPO_TT_13,49335,1,Data Process successfully,2019-10-31 08:18:50.400,,,,,
61,62,3,1,19,3,Manush,FH-BK,CL,,,,,,Wesley,Manush,2018-09-28,Non Attacking Shot,Non Attacking Shot,3-1-19,0,0,,,,,,,,,99,99,FH-BSL-FH-BK,,,,,,,,FH-BSL,FH-TS,0,0,0,,,,,,,,,,,,,,,,,,,Lefty,CL,,Attacking,Plain(FH)-Plain(BH),Wesley,Lefty,,,Lateral Movement,Lefty,Lefty,CLA,0,0,FH-BK,M,,CL,2,SPO_TT_2,SPO_TT_13,49336,1,Data Process successfully,2019-10-31 08:18:50.400,,,,,
62,63,3,1,19,4,Wesley,FH-TS,MISSED,8-11,,,Manush,Unforced,Wesley,Manush,2018-09-28,Attacking Shot,Attacking Shot,3-1-19,1,0,Wesley,,,,Wesley,MISSED,Manush,Wesley,0,1,,FH-TS-FH-TS,FH-TS-FH-BK-FH-TS,FH-TS-FH-TS,BHL-CL,FH-BK,FH-TS,FH-TS,FH-BSL,FH-TS,0,0,1,,,,,,,,CL,CL,FH-BK,,FH-BK,Conditional,FH-BSL,FH-TS,FH-BK,FH-TS,CL,Lefty,MISSED,CL,Attacking,Plain(FH)-Plain(BH),Manush,Lefty,BHL-CL,Lateral Movement,Lateral Movement,Lefty,Lefty,MISSEDB,0,0,,M,,MISSED,1,SPO_TT_2,SPO_TT_13,49337,1,Data Process successfully,2019-10-31 08:18:50.400,,,,,
63,64,3,2,1,1,Manush,SH-BSS,FHS,,,,,,Wesley,Manush,2018-09-28,Non Attacking Shot,Serve,3-2-1,0,1,,Y,,,,,,,99,99,,,,,,,,,SH-BSS,FH-P,0,0,0,,,,,,,,,,,,,,,,,,,Lefty,BHS,,Attacking,Plain(FH)-Plain(BH),Wesley,Lefty,,,,Lefty,Lefty,BHSA,0,0,,M,,BHS,3,SPO_TT_2,SPO_TT_13,49338,1,Data Process successfully,2019-10-31 08:18:50.400,,,,,
64,65,3,2,1,2,Wesley,FH-P,BHL,,,,,,Wesley,Manush,2018-09-28,Non Attacking Shot,Non Attacking Shot,3-2-1,0,0,,,Y,,,,,,99,99,,,,,,,,,SH-BSS,FH-P,0,0,0,,,,,,,,,,,,,,,,,,,Lefty,FHL,,Attacking,Plain(FH)-Plain(BH),Manush,Lefty,,,,Lefty,Lefty,FHLB,0,0,FH-P,M,,FHL,2,SPO_TT_2,SPO_TT_13,49339,1,Data Process successfully,2019-10-31 08:18:50.400,,,,,
65,66,3,2,1,3,Manush,FH-TS,MISSED,1-0,,,,Unforced,Wesley,Manush,2018-09-28,Attacking Shot,Attacking Shot,3-2-1,1,1,Manush,,,,Manush,MISSED,Wesley,Manush,1,0,SH-BSS-FH-TS,,SH-BSS-FH-P-FH-TS,SH-BSS-FH-TS,,FH-P,FH-TS,SH-BSS,SH-BSS,FH-P,0,1,0,,,,Wesley,FH-P,BHL,SH-BSS-FHS,BHL,FHL,FH-P,,FH-P,Conditional,,,,,FHL,Lefty,MISSED,FHL,Attacking,Plain(FH)-Plain(BH),Wesley,Lefty,,,,Lefty,Lefty,MISSEDA,0,0,,M,,MISSED,1,SPO_TT_2,SPO_TT_13,49340,1,Data Process successfully,2019-10-31 08:18:50.400,,,,,
66,67,3,2,2,1,Manush,FH-BSS,CS,,,,,,Wesley,Manush,2018-09-28,Non Attacking Shot,Serve,3-2-2,0,1,,Y,,,,,,,99,99,,,,,,,,,FH-BSS,FH-DP,0,0,0,,,,,,,,,,,,,,,,,,,Lefty,CS,,Attacking,Plain(FH)-Plain(BH),Wesley,Lefty,,,,Lefty,Lefty,CSA,0,0,FH-BSS,M,,CS,2,SPO_TT_2,SPO_TT_13,49341,1,Data Process successfully,2019-10-31 08:18:50.400,,,,,
67,68,3,2,2,2,Wesley,FH-DP,NET,1-1,,,,Unforced,Wesley,Manush,2018-09-28,Non Attacking Shot,Non Attacking Shot,3-2-2,0,0,,,Y,,Wesley,NET,Manush,Wesley,0,1,,,,,,FH-BSS,FH-DP,,FH-BSS,FH-DP,1,0,0,Manush,FH-BSS,CS,,,,,CS,CS,FH-BSS,,FH-BSS,Conditional,,,,,CS,Lefty,NET,CS,Attacking,Plain(FH)-Plain(BH),Manush,Lefty,,,,Lefty,Lefty,NETB,0,0,,M,,NET,1,SPO_TT_2,SPO_TT_13,49342,1,Data Process successfully,2019-10-31 08:18:50.400,,,,,
68,69,3,2,3,1,Wesley,FH-SBS,BHH,,,,,,Wesley,Manush,2018-09-28,Non Attacking Shot,Serve,3-2-3,0,1,,Y,,,,,,,99,99,,,,,,,,,FH-SBS,FH-P,0,0,0,,,,,,,,,,,,,,,,,,,Lefty,FHH,,Attacking,Plain(FH)-Plain(BH),Manush,Lefty,,,Vertical Movement,Lefty,Lefty,FHHB,0,0,,M,,FHH,4,SPO_TT_2,SPO_TT_13,49343,1,Data Process successfully,2019-10-31 08:18:50.400,,,,,
69,70,3,2,3,2,Manush,FH-P,BHL,,,,,,Wesley,Manush,2018-09-28,Non Attacking Shot,Non Attacking Shot,3-2-3,0,0,,,Y,,,,,,99,99,,,,,,,,,FH-SBS,FH-P,0,0,0,,,,,,,,,,,,,,,,,,,Lefty,FHL,,Attacking,Plain(FH)-Plain(BH),Wesley,Lefty,,,Vertical Movement,Lefty,Lefty,FHLA,0,0,,M,,FHL,3,SPO_TT_2,SPO_TT_13,49344,1,Data Process successfully,2019-10-31 08:18:50.400,,,,,
70,71,3,2,3,3,Wesley,FH-TS,BHL,,,,,,Wesley,Manush,2018-09-28,Attacking Shot,Attacking Shot,3-2-3,1,1,,,,,,,,,99,99,FH-SBS-FH-TS,,,,,,,,FH-SBS,FH-P,0,0,0,,,,,,,,,,,,,,,,,,,Lefty,FHL,,Attacking,Plain(FH)-Plain(BH),Manush,Lefty,,,Vertical Movement,Lefty,Lefty,FHLB,0,0,FH-TS,M,,FHL,2,SPO_TT_2,SPO_TT_13,49345,1,Data Process successfully,2019-10-31 08:18:50.400,,,,,
71,72,3,2,3,4,Manush,BH-BK,MISSED,2-1,,,,Unforced,Wesley,Manush,2018-09-28,Non Attacking Shot,Non Attacking Shot,3-2-3,0,0,Wesley,,,,Manush,MISSED,Wesley,Manush,1,0,,FH-P-BH-BK,FH-P-FH-TS-BH-BK,FH-P-BH-BK,BHH-BHL,FH-TS,BH-BK,FH-P,FH-SBS,FH-P,0,0,1,,,,,,,,BHL,FHL,FH-TS,,FH-TS,Conditional,FH-SBS,FH-P,FH-TS,BH-BK,FHL,Lefty,MISSED,FHL,Attacking,Plain(FH)-Plain(BH),Wesley,Lefty,BHH-BHL,Vertical Movement,Vertical Movement,Lefty,Lefty,MISSEDA,0,0,,M,,MISSED,1,SPO_TT_2,SPO_TT_13,49346,1,Data Process successfully,2019-10-31 08:18:50.400,,,,,
72,73,3,2,4,1,Wesley,BH-NSL,FHH,,,,,,Wesley,Manush,2018-09-28,Non Attacking Shot,Serve,3-2-4,0,1,,Y,,,,,,,99,99,,,,,,,,,BH-NSL,FH-TS,0,0,0,,,,,,,,,,,,,,,,,,,Lefty,BHH,,Attacking,Plain(FH)-Plain(BH),Manush,Lefty,,,,Lefty,Lefty,BHHB,0,0,,M,,BHH,3,SPO_TT_2,SPO_TT_13,49347,1,Data Process successfully,2019-10-31 08:18:50.400,,,,,
73,74,3,2,4,2,Manush,FH-TS,BHL,,,,,,Wesley,Manush,2018-09-28,Attacking Shot,Attacking Shot,3-2-4,1,1,,,Y,,,,,,99,99,,,,,,,,,BH-NSL,FH-TS,0,0,0,,,,,,,,,,,,,,,,,,,Lefty,FHL,,Attacking,Plain(FH)-Plain(BH),Wesley,Lefty,,,,Lefty,Lefty,FHLA,0,0,FH-TS,M,,FHL,2,SPO_TT_2,SPO_TT_13,49348,1,Data Process successfully,2019-10-31 08:18:50.400,,,,,
74,75,3,2,4,3,Wesley,BH-BK,MISSED,3-1,,,,,Wesley,Manush,2018-09-28,Non Attacking Shot,Non Attacking Shot,3-2-4,0,0,Manush,,,,Wesley,MISSED,Manush,Wesley,0,1,BH-NSL-BH-BK,,BH-NSL-FH-TS-BH-BK,BH-NSL-BH-BK,,FH-TS,BH-BK,BH-NSL,BH-NSL,FH-TS,0,1,0,,,,Manush,FH-TS,BHL,BH-NSL-FHH,BHL,FHL,FH-TS,,FH-TS,Conditional,,,,,FHL,Lefty,MISSED,FHL,Attacking,Plain(FH)-Plain(BH),Manush,Lefty,,,,Lefty,Lefty,MISSEDB,0,0,,M,,MISSED,1,SPO_TT_2,SPO_TT_13,49349,1,Data Process successfully,2019-10-31 08:18:50.400,,,,,
75,76,3,2,5,1,Manush,FH-BSS,CS,,,,,,Wesley,Manush,2018-09-28,Non Attacking Shot,Serve,3-2-5,0,1,,Y,,,,,,,99,99,,,,,,,,,FH-BSS,BH-P,0,0,0,,,,,,,,,,,,,,,,,,,Lefty,CS,,Attacking,Plain(FH)-Plain(BH),Wesley,Lefty,,,Lateral Movement,Lefty,Lefty,CSA,0,0,,M,,CS,6,SPO_TT_2,SPO_TT_13,49350,1,Data Process successfully,2019-10-31 08:18:50.400,,,,,
76,77,3,2,5,2,Wesley,BH-P,BHL,,,,,,Wesley,Manush,2018-09-28,Non Attacking Shot,Non Attacking Shot,3-2-5,0,0,,,Y,,,,,,99,99,,,,,,,,,FH-BSS,BH-P,0,0,0,,,,,,,,,,,,,,,,,,,Lefty,FHL,,Attacking,Plain(FH)-Plain(BH),Manush,Lefty,,,Lateral Movement,Lefty,Lefty,FHLB,0,0,,M,,FHL,5,SPO_TT_2,SPO_TT_13,49351,1,Data Process successfully,2019-10-31 08:18:50.400,,,,,
77,78,3,2,5,3,Manush,FH-TS,BHL,,,,,,Wesley,Manush,2018-09-28,Attacking Shot,Attacking Shot,3-2-5,1,1,,,,,,,,,99,99,FH-BSS-FH-TS,,,,,,,,FH-BSS,BH-P,0,0,0,,,,,,,,,,,,,,,,,,,Lefty,FHL,,Attacking,Plain(FH)-Plain(BH),Wesley,Lefty,,,Lateral Movement,Lefty,Lefty,FHLA,0,0,,M,,FHL,4,SPO_TT_2,SPO_TT_13,49352,1,Data Process successfully,2019-10-31 08:18:50.400,,,,,
78,79,3,2,5,4,Wesley,BH-BK,FHL,,,,,,Wesley,Manush,2018-09-28,Non Attacking Shot,Non Attacking Shot,3-2-5,0,0,,,,,,,,,99,99,,BH-P-BH-BK,,,,,,,FH-BSS,BH-P,0,0,0,,,,,,,,,,,,,,,,,,,Lefty,BHL,,Attacking,Plain(FH)-Plain(BH),Manush,Lefty,,,Lateral Movement,Lefty,Lefty,BHLB,0,0,,M,,BHL,3,SPO_TT_2,SPO_TT_13,49353,1,Data Process successfully,2019-10-31 08:18:50.400,,,,,
79,80,3,2,5,5,Manush,FH-TS,FHL,,,,,,Wesley,Manush,2018-09-28,Attacking Shot,Attacking Shot,3-2-5,1,0,,,,,,,,,99,99,,,,,,,,,FH-BSS,BH-P,0,0,0,,,,,,,,,,,,,,,,,,,Lefty,BHL,,Attacking,Plain(FH)-Plain(BH),Wesley,Lefty,,,Lateral Movement,Lefty,Lefty,BHLA,0,0,FH-TS,M,,BHL,2,SPO_TT_2,SPO_TT_13,49354,1,Data Process successfully,2019-10-31 08:18:50.400,,,,,
80,81,3,2,5,6,Wesley,FH-BK,MISSED,3-2,,,,Unforced,Wesley,Manush,2018-09-28,Non Attacking Shot,Non Attacking Shot,3-2-5,0,0,Manush,,,,Wesley,MISSED,Manush,Wesley,0,1,,,BH-BK-FH-TS-FH-BK,BH-BK-FH-BK,BHL-FHL,FH-TS,FH-BK,BH-BK,FH-BSS,BH-P,0,0,0,,,,,,,,FHL,BHL,FH-TS,,FH-TS,Conditional,,,,,BHL,Lefty,MISSED,BHL,Attacking,Plain(FH)-Plain(BH),Manush,Lefty,BHL-FHL,Lateral Movement,Lateral Movement,Lefty,Lefty,MISSEDB,0,0,,M,,MISSED,1,SPO_TT_2,SPO_TT_13,49355,1,Data Process successfully,2019-10-31 08:18:50.400,,,,,
81,82,3,2,6,1,Manush,FH-BSSO,CH,,,,,,Wesley,Manush,2018-09-28,Non Attacking Shot,Serve,3-2-6,0,1,,Y,,,,,,,99,99,,,,,,,,,FH-BSSO,FH-TS,0,0,0,,,,,,,,,,,,,,,,,,,Lefty,CH,,Attacking,Plain(FH)-Plain(BH),Wesley,Lefty,,,Others,Lefty,Lefty,CHA,0,0,,M,,CH,5,SPO_TT_2,SPO_TT_13,49356,1,Data Process successfully,2019-10-31 08:18:50.400,,,,,
82,83,3,2,6,2,Wesley,FH-TS,FHL,,,,,,Wesley,Manush,2018-09-28,Attacking Shot,Attacking Shot,3-2-6,1,1,,,Y,,,,,,99,99,,,,,,,,,FH-BSSO,FH-TS,0,0,0,,,,,,,,,,,,,,,,,,,Lefty,BHL,,Attacking,Plain(FH)-Plain(BH),Manush,Lefty,,,Others,Lefty,Lefty,BHLB,0,0,,M,,BHL,4,SPO_TT_2,SPO_TT_13,49357,1,Data Process successfully,2019-10-31 08:18:50.400,,,,,
83,84,3,2,6,3,Manush,FH-BK,BHL,,,,,,Wesley,Manush,2018-09-28,Non Attacking Shot,Non Attacking Shot,3-2-6,0,0,,,,,,,,,99,99,FH-BSSO-FH-BK,,,,,,,,FH-BSSO,FH-TS,0,0,0,,,,,,,,,,,,,,,,,,,Lefty,FHL,,Attacking,Plain(FH)-Plain(BH),Wesley,Lefty,,,Others,Lefty,Lefty,FHLA,0,0,,M,,FHL,3,SPO_TT_2,SPO_TT_13,49358,1,Data Process successfully,2019-10-31 08:18:50.400,,,,,
84,85,3,2,6,4,Wesley,FH-TS,FHL,,,,,,Wesley,Manush,2018-09-28,Attacking Shot,Attacking Shot,3-2-6,1,0,,,,,,,,,99,99,,FH-TS-FH-TS,,,,,,,FH-BSSO,FH-TS,0,0,0,,,,,,,,,,,,,,,,,,,Lefty,BHL,,Attacking,Plain(FH)-Plain(BH),Manush,Lefty,,,Others,Lefty,Lefty,BHLB,0,0,FH-TS,M,,BHL,2,SPO_TT_2,SPO_TT_13,49359,1,Data Process successfully,2019-10-31 08:18:50.400,,,,,
85,86,3,2,6,5,Manush,FH-TS,MISSED,4-2,,,,Unforced,Wesley,Manush,2018-09-28,Attacking Shot,Attacking Shot,3-2-6,1,0,Wesley,,,,Manush,MISSED,Wesley,Manush,1,0,,,FH-BK-FH-TS-FH-TS,FH-BK-FH-TS,FHL-FHL,FH-TS,FH-TS,FH-BK,FH-BSSO,FH-TS,0,0,0,,,,,,,,FHL,BHL,FH-TS,,FH-TS,Conditional,,,,,BHL,Lefty,MISSED,BHL,Attacking,Plain(FH)-Plain(BH),Wesley,Lefty,FHL-FHL,Others,Others,Lefty,Lefty,MISSEDA,0,0,,M,,MISSED,1,SPO_TT_2,SPO_TT_13,49360,1,Data Process successfully,2019-10-31 08:18:50.400,,,,,
86,87,3,2,7,1,Wesley,FH-SBS,CS,,,,,,Wesley,Manush,2018-09-28,Non Attacking Shot,Serve,3-2-7,0,1,,Y,,,,,,,99,99,,,,,,,,,FH-SBS,FH-P,0,0,0,,,,,,,,,,,,,,,,,,,Lefty,CS,,Attacking,Plain(FH)-Plain(BH),Manush,Lefty,,,Diagonal Movement,Lefty,Lefty,CSB,0,0,,M,,CS,4,SPO_TT_2,SPO_TT_13,49361,1,Data Process successfully,2019-10-31 08:18:50.400,,,,,
87,88,3,2,7,2,Manush,FH-P,CL,,,,,,Wesley,Manush,2018-09-28,Non Attacking Shot,Non Attacking Shot,3-2-7,0,0,,,Y,,,,,,99,99,,,,,,,,,FH-SBS,FH-P,0,0,0,,,,,,,,,,,,,,,,,,,Lefty,CL,,Attacking,Plain(FH)-Plain(BH),Wesley,Lefty,,,Diagonal Movement,Lefty,Lefty,CLA,0,0,,M,,CL,3,SPO_TT_2,SPO_TT_13,49362,1,Data Process successfully,2019-10-31 08:18:50.400,,,,,
88,89,3,2,7,3,Wesley,FH-TS,FHL,,,,,,Wesley,Manush,2018-09-28,Attacking Shot,Attacking Shot,3-2-7,1,1,,,,,,,,,99,99,FH-SBS-FH-TS,,,,,,,,FH-SBS,FH-P,0,0,0,,,,,,,,,,,,,,,,,,,Lefty,BHL,,Attacking,Plain(FH)-Plain(BH),Manush,Lefty,,,Diagonal Movement,Lefty,Lefty,BHLB,0,0,FH-TS,M,,BHL,2,SPO_TT_2,SPO_TT_13,49363,1,Data Process successfully,2019-10-31 08:18:50.400,,,,,
89,90,3,2,7,4,Manush,FH-BK,MISSED,5-2,,,,Unforced,Wesley,Manush,2018-09-28,Non Attacking Shot,Non Attacking Shot,3-2-7,0,0,Wesley,,,,Manush,MISSED,Wesley,Manush,1,0,,FH-P-FH-BK,FH-P-FH-TS-FH-BK,FH-P-FH-BK,CS-FHL,FH-TS,FH-BK,FH-P,FH-SBS,FH-P,0,0,1,,,,,,,,FHL,BHL,FH-TS,,FH-TS,Conditional,FH-SBS,FH-P,FH-TS,FH-BK,BHL,Lefty,MISSED,BHL,Attacking,Plain(FH)-Plain(BH),Wesley,Lefty,CS-FHL,Diagonal Movement,Diagonal Movement,Lefty,Lefty,MISSEDA,0,0,,M,,MISSED,1,SPO_TT_2,SPO_TT_13,49364,1,Data Process successfully,2019-10-31 08:18:50.400,,,,,
90,91,3,2,8,1,Wesley,FH-RBSS,FHS,,,,,,Wesley,Manush,2018-09-28,Non Attacking Shot,Serve,3-2-8,0,1,,Y,,,,,,,99,99,,,,,,,,,FH-RBSS,FH-P,0,0,0,,,,,,,,,,,,,,,,,,,Lefty,BHS,,Attacking,Plain(FH)-Plain(BH),Manush,Lefty,,,,Lefty,Lefty,BHSB,0,0,,M,,BHS,3,SPO_TT_2,SPO_TT_13,49365,1,Data Process successfully,2019-10-31 08:18:50.400,,,,,
91,92,3,2,8,2,Manush,FH-P,FHL,,,,,,Wesley,Manush,2018-09-28,Non Attacking Shot,Non Attacking Shot,3-2-8,0,0,,,Y,,,,,,99,99,,,,,,,,,FH-RBSS,FH-P,0,0,0,,,,,,,,,,,,,,,,,,,Lefty,BHL,,Attacking,Plain(FH)-Plain(BH),Wesley,Lefty,,,,Lefty,Lefty,BHLA,0,0,FH-P,M,,BHL,2,SPO_TT_2,SPO_TT_13,49366,1,Data Process successfully,2019-10-31 08:18:50.400,,,,,
92,93,3,2,8,3,Wesley,FH-TS,OUT,5-3,,,,Unforced,Wesley,Manush,2018-09-28,Attacking Shot,Attacking Shot,3-2-8,1,1,Wesley,,,,Wesley,OUT,Manush,Wesley,0,1,FH-RBSS-FH-TS,,FH-RBSS-FH-P-FH-TS,FH-RBSS-FH-TS,,FH-P,FH-TS,FH-RBSS,FH-RBSS,FH-P,0,1,0,,,,Manush,FH-P,FHL,FH-RBSS-FHS,FHL,BHL,FH-P,,FH-P,Conditional,,,,,BHL,Lefty,OUT,BHL,Attacking,Plain(FH)-Plain(BH),Manush,Lefty,,,,Lefty,Lefty,OUTB,0,0,,M,,OUT,1,SPO_TT_2,SPO_TT_13,49367,1,Data Process successfully,2019-10-31 08:18:50.400,,,,,
93,94,3,2,9,1,Manush,FH-BSS,CS,,,,,,Wesley,Manush,2018-09-28,Non Attacking Shot,Serve,3-2-9,0,1,,Y,,,,,,,99,99,,,,,,,,,FH-BSS,FH-P,0,0,0,,,,,,,,,,,,,,,,,,,Lefty,CS,,Attacking,Plain(FH)-Plain(BH),Wesley,Lefty,,,,Lefty,Lefty,CSA,0,0,FH-BSS,M,,CS,2,SPO_TT_2,SPO_TT_13,49368,1,Data Process successfully,2019-10-31 08:18:50.400,,,,,
94,95,3,2,9,2,Wesley,FH-P,NET,5-4,,,,Unforced,Wesley,Manush,2018-09-28,Non Attacking Shot,Non Attacking Shot,3-2-9,0,0,,,Y,,Wesley,NET,Manush,Wesley,0,1,,,,,,FH-BSS,FH-P,,FH-BSS,FH-P,1,0,0,Manush,FH-BSS,CS,,,,,CS,CS,FH-BSS,,FH-BSS,Conditional,,,,,CS,Lefty,NET,CS,Attacking,Plain(FH)-Plain(BH),Manush,Lefty,,,,Lefty,Lefty,NETB,0,0,,M,,NET,1,SPO_TT_2,SPO_TT_13,49369,1,Data Process successfully,2019-10-31 08:18:50.400,,,,,
95,96,3,2,10,1,Manush,FH-SSL,FHL,,,,,,Wesley,Manush,2018-09-28,Non Attacking Shot,Serve,3-2-10,0,1,,Y,,,,,,,99,99,,,,,,,,,FH-SSL,FH-TS,0,0,0,,,,,,,,,,,,,,,,,,,Lefty,BHL,,Attacking,Plain(FH)-Plain(BH),Wesley,Lefty,,,,Lefty,Lefty,BHLA,0,0,FH-SSL,M,,BHL,2,SPO_TT_2,SPO_TT_13,49370,1,Data Process successfully,2019-10-31 08:18:50.400,,,,,
96,97,3,2,10,2,Wesley,FH-TS,OUT,5-5,,,,Unforced,Wesley,Manush,2018-09-28,Attacking Shot,Attacking Shot,3-2-10,1,1,Wesley,,Y,,Wesley,OUT,Manush,Wesley,0,1,,,,,,FH-SSL,FH-TS,,FH-SSL,FH-TS,1,0,0,Manush,FH-SSL,FHL,,,,,FHL,BHL,FH-SSL,,FH-SSL,Conditional,,,,,BHL,Lefty,OUT,BHL,Attacking,Plain(FH)-Plain(BH),Manush,Lefty,,,,Lefty,Lefty,OUTB,0,0,,M,,OUT,1,SPO_TT_2,SPO_TT_13,49371,1,Data Process successfully,2019-10-31 08:18:50.400,,,,,
97,98,3,2,11,1,Wesley,FH-RBSS,BHH,,,,,,Wesley,Manush,2018-09-28,Non Attacking Shot,Serve,3-2-11,0,1,,Y,,,,,,,99,99,,,,,,,,,FH-RBSS,BH-P,0,0,0,,,,,,,,,,,,,,,,,,,Lefty,FHH,,Attacking,Plain(FH)-Plain(BH),Manush,Lefty,,,,Lefty,Lefty,FHHB,0,0,FH-RBSS,M,,FHH,2,SPO_TT_2,SPO_TT_13,49372,1,Data Process successfully,2019-10-31 08:18:50.400,,,,,
98,99,3,2,11,2,Manush,BH-P,NET,6-5,,,,Unforced,Wesley,Manush,2018-09-28,Non Attacking Shot,Non Attacking Shot,3-2-11,0,0,,,Y,,Manush,NET,Wesley,Manush,1,0,,,,,,FH-RBSS,BH-P,,FH-RBSS,BH-P,1,0,0,Wesley,FH-RBSS,BHH,,,,,BHH,FHH,FH-RBSS,,FH-RBSS,Conditional,,,,,FHH,Lefty,NET,FHH,Attacking,Plain(FH)-Plain(BH),Wesley,Lefty,,,,Lefty,Lefty,NETA,0,0,,M,,NET,1,SPO_TT_2,SPO_TT_13,49373,1,Data Process successfully,2019-10-31 08:18:50.400,,,,,
99,100,3,2,12,1,Wesley,FH-RBSS,CS,,,,,,Wesley,Manush,2018-09-28,Non Attacking Shot,Serve,3-2-12,0,1,,Y,,,,,,,99,99,,,,,,,,,FH-RBSS,BN-FP,0,0,0,,,,,,,,,,,,,,,,,,,Lefty,CS,,Attacking,Plain(FH)-Plain(BH),Manush,Lefty,,,,Lefty,Lefty,CSB,0,0,,M,,CS,3,SPO_TT_2,SPO_TT_13,49374,1,Data Process successfully,2019-10-31 08:18:50.400,,,,,
100,101,3,2,12,2,Manush,BN-FP,FHL,,,,,,Wesley,Manush,2018-09-28,Attacking Shot,Attacking Shot,3-2-12,1,1,,,Y,,,,,,99,99,,,,,,,,,FH-RBSS,BN-FP,0,0,0,,,,,,,,,,,,,,,,,,,Lefty,BHL,,Attacking,Plain(FH)-Plain(BH),Wesley,Lefty,,,,Lefty,Lefty,BHLA,0,0,BN-FP,M,,BHL,2,SPO_TT_2,SPO_TT_13,49375,1,Data Process successfully,2019-10-31 08:18:50.400,,,,,
101,102,3,2,12,3,Wesley,FH-BK,MISSED,6-6,,,,Unforced,Wesley,Manush,2018-09-28,Non Attacking Shot,Non Attacking Shot,3-2-12,0,0,Manush,,,,Wesley,MISSED,Manush,Wesley,0,1,FH-RBSS-FH-BK,,FH-RBSS-BN-FP-FH-BK,FH-RBSS-FH-BK,,BN-FP,FH-BK,FH-RBSS,FH-RBSS,BN-FP,0,1,0,,,,Manush,BN-FP,FHL,FH-RBSS-CS,FHL,BHL,BN-FP,,BN-FP,Conditional,,,,,BHL,Lefty,MISSED,BHL,Attacking,Plain(FH)-Plain(BH),Manush,Lefty,,,,Lefty,Lefty,MISSEDB,0,0,,M,,MISSED,1,SPO_TT_2,SPO_TT_13,49376,1,Data Process successfully,2019-10-31 08:18:50.400,,,,,
102,103,3,2,13,1,Manush,SH-OS,BHH,,,,,,Wesley,Manush,2018-09-28,Non Attacking Shot,Serve,3-2-13,0,1,,Y,,,,,,,99,99,,,,,,,,,SH-OS,FH-P,0,0,0,,,,,,,,,,,,,,,,,,,Lefty,FHH,,Attacking,Plain(FH)-Plain(BH),Wesley,Lefty,,,,Lefty,Lefty,FHHA,0,0,SH-OS,M,,FHH,2,SPO_TT_2,SPO_TT_13,49377,1,Data Process successfully,2019-10-31 08:18:50.400,,,,,
103,104,3,2,13,2,Wesley,FH-P,OUT,7-6,,,,Unforced,Wesley,Manush,2018-09-28,Non Attacking Shot,Non Attacking Shot,3-2-13,0,0,,,Y,,Wesley,OUT,Manush,Wesley,0,1,,,,,,SH-OS,FH-P,,SH-OS,FH-P,1,0,0,Manush,SH-OS,BHH,,,,,BHH,FHH,SH-OS,,SH-OS,Conditional,,,,,FHH,Lefty,OUT,FHH,Attacking,Plain(FH)-Plain(BH),Manush,Lefty,,,,Lefty,Lefty,OUTB,0,0,,M,,OUT,1,SPO_TT_2,SPO_TT_13,49378,1,Data Process successfully,2019-10-31 08:18:50.400,,,,,
104,105,3,2,14,1,Manush,FH-SSS,FHH,,,,,,Wesley,Manush,2018-09-28,Non Attacking Shot,Serve,3-2-14,0,1,,Y,,,,,,,99,99,,,,,,,,,FH-SSS,FH-P,0,0,0,,,,,,,,,,,,,,,,,,,Lefty,BHH,,Attacking,Plain(FH)-Plain(BH),Wesley,Lefty,,,,Lefty,Lefty,BHHA,0,0,,M,,BHH,3,SPO_TT_2,SPO_TT_13,49379,1,Data Process successfully,2019-10-31 08:18:50.400,,,,,
105,106,3,2,14,2,Wesley,FH-P,BHL,,,,,,Wesley,Manush,2018-09-28,Non Attacking Shot,Non Attacking Shot,3-2-14,0,0,,,Y,,,,,,99,99,,,,,,,,,FH-SSS,FH-P,0,0,0,,,,,,,,,,,,,,,,,,,Lefty,FHL,,Attacking,Plain(FH)-Plain(BH),Manush,Lefty,,,,Lefty,Lefty,FHLB,0,0,FH-P,M,,FHL,2,SPO_TT_2,SPO_TT_13,49380,1,Data Process successfully,2019-10-31 08:18:50.400,,,,,
106,107,3,2,14,3,Manush,FH-TS,OUT,7-7,,,,Unforced,Wesley,Manush,2018-09-28,Attacking Shot,Attacking Shot,3-2-14,1,1,Manush,,,,Manush,OUT,Wesley,Manush,1,0,FH-SSS-FH-TS,,FH-SSS-FH-P-FH-TS,FH-SSS-FH-TS,,FH-P,FH-TS,FH-SSS,FH-SSS,FH-P,0,1,0,,,,Wesley,FH-P,BHL,FH-SSS-FHH,BHL,FHL,FH-P,,FH-P,Conditional,,,,,FHL,Lefty,OUT,FHL,Attacking,Plain(FH)-Plain(BH),Wesley,Lefty,,,,Lefty,Lefty,OUTA,0,0,,M,,OUT,1,SPO_TT_2,SPO_TT_13,49381,1,Data Process successfully,2019-10-31 08:18:50.400,,,,,
107,108,3,2,15,1,Wesley,FH-SBS,CS,,,,,,Wesley,Manush,2018-09-28,Non Attacking Shot,Serve,3-2-15,0,1,,Y,,,,,,,99,99,,,,,,,,,FH-SBS,FH-P,0,0,0,,,,,,,,,,,,,,,,,,,Lefty,CS,,Attacking,Plain(FH)-Plain(BH),Manush,Lefty,,,Others,Lefty,Lefty,CSB,0,0,,M,,CS,7,SPO_TT_2,SPO_TT_13,49382,1,Data Process successfully,2019-10-31 08:18:50.400,,,,,
108,109,3,2,15,2,Manush,FH-P,CH,,,,,,Wesley,Manush,2018-09-28,Non Attacking Shot,Non Attacking Shot,3-2-15,0,0,,,Y,,,,,,99,99,,,,,,,,,FH-SBS,FH-P,0,0,0,,,,,,,,,,,,,,,,,,,Lefty,CH,,Attacking,Plain(FH)-Plain(BH),Wesley,Lefty,,,Others,Lefty,Lefty,CHA,0,0,,M,,CH,6,SPO_TT_2,SPO_TT_13,49383,1,Data Process successfully,2019-10-31 08:18:50.400,,,,,
109,110,3,2,15,3,Wesley,BH-TS,BHL,,,,,,Wesley,Manush,2018-09-28,Attacking Shot,Attacking Shot,3-2-15,1,1,,,,,,,,,99,99,FH-SBS-BH-TS,,,,,,,,FH-SBS,FH-P,0,0,0,,,,,,,,,,,,,,,,,,,Lefty,FHL,,Attacking,Plain(FH)-Plain(BH),Manush,Lefty,,,Others,Lefty,Lefty,FHLB,0,0,,M,,FHL,5,SPO_TT_2,SPO_TT_13,49384,1,Data Process successfully,2019-10-31 08:18:50.400,,,,,
110,111,3,2,15,4,Manush,BH-BK,BHL,,,,,,Wesley,Manush,2018-09-28,Non Attacking Shot,Non Attacking Shot,3-2-15,0,0,,,,,,,,,99,99,,FH-P-BH-BK,,,,,,,FH-SBS,FH-P,0,0,0,,,,,,,,,,,,,,,,,,,Lefty,FHL,,Attacking,Plain(FH)-Plain(BH),Wesley,Lefty,,,Others,Lefty,Lefty,FHLA,0,0,,M,,FHL,4,SPO_TT_2,SPO_TT_13,49385,1,Data Process successfully,2019-10-31 08:18:50.400,,,,,
111,112,3,2,15,5,Wesley,BH-C,CL,,,,,,Wesley,Manush,2018-09-28,Non Attacking Shot,Non Attacking Shot,3-2-15,0,0,,,,,,,,,99,99,,,,,,,,,FH-SBS,FH-P,0,0,0,,,,,,,,,,,,,,,,,,,Lefty,CL,,Attacking,Plain(FH)-Plain(BH),Manush,Lefty,,,Others,Lefty,Lefty,CLB,0,0,,M,,CL,3,SPO_TT_2,SPO_TT_13,49386,1,Data Process successfully,2019-10-31 08:18:50.400,,,,,
112,113,3,2,15,6,Manush,FH-TS,BHL,,,,,,Wesley,Manush,2018-09-28,Attacking Shot,Attacking Shot,3-2-15,1,0,,,,,,,,,99,99,,,,,,,,,FH-SBS,FH-P,0,0,0,,,,,,,,,,,,,,,,,,,Lefty,FHL,,Attacking,Plain(FH)-Plain(BH),Wesley,Lefty,,,Others,Lefty,Lefty,FHLA,0,0,FH-TS,M,,FHL,2,SPO_TT_2,SPO_TT_13,49387,1,Data Process successfully,2019-10-31 08:18:50.400,,,,,
113,114,3,2,15,7,Wesley,BH-BK,MISSED,7-8,,,,Unforced,Wesley,Manush,2018-09-28,Non Attacking Shot,Non Attacking Shot,3-2-15,0,0,Wesley,,,,Wesley,MISSED,Manush,Wesley,0,1,,,BH-C-FH-TS-BH-BK,BH-C-BH-BK,BHL-BHL,FH-TS,BH-BK,BH-C,FH-SBS,FH-P,0,0,0,,,,,,,,BHL,FHL,FH-TS,,FH-TS,Conditional,,,,,FHL,Lefty,MISSED,FHL,Attacking,Plain(FH)-Plain(BH),Manush,Lefty,BHL-BHL,Others,Others,Lefty,Lefty,MISSEDB,0,0,,M,,MISSED,1,SPO_TT_2,SPO_TT_13,49388,1,Data Process successfully,2019-10-31 08:18:50.400,,,,,
114,115,3,2,16,1,Wesley,FH-SBL,EBHH,,,,,,Wesley,Manush,2018-09-28,Non Attacking Shot,Serve,3-2-16,0,1,,Y,,,,,,,99,99,,,,,,,,,FH-SBL,FH-P,0,0,0,,,,,,,,,,,,,,,,,,,Lefty,EFHH,,Attacking,Plain(FH)-Plain(BH),Manush,Lefty,,,,Lefty,Lefty,EFHHB,0,0,,M,,EFHH,3,SPO_TT_2,SPO_TT_13,49389,1,Data Process successfully,2019-10-31 08:18:50.400,,,,,
115,116,3,2,16,2,Manush,FH-P,CH,,,,,,Wesley,Manush,2018-09-28,Non Attacking Shot,Non Attacking Shot,3-2-16,0,0,,,Y,,,,,,99,99,,,,,,,,,FH-SBL,FH-P,0,0,0,,,,,,,,,,,,,,,,,,,Lefty,CH,,Attacking,Plain(FH)-Plain(BH),Wesley,Lefty,,,,Lefty,Lefty,CHA,0,0,FH-P,M,,CH,2,SPO_TT_2,SPO_TT_13,49390,1,Data Process successfully,2019-10-31 08:18:50.400,,,,,
116,117,3,2,16,3,Wesley,FH-TS,OUT,7-9,,,,Unforced,Wesley,Manush,2018-09-28,Attacking Shot,Attacking Shot,3-2-16,1,1,Wesley,,,,Wesley,OUT,Manush,Wesley,0,1,FH-SBL-FH-TS,,FH-SBL-FH-P-FH-TS,FH-SBL-FH-TS,,FH-P,FH-TS,FH-SBL,FH-SBL,FH-P,0,1,0,,,,Manush,FH-P,CH,FH-SBL-EBHH,CH,CH,FH-P,,FH-P,Conditional,,,,,CH,Lefty,OUT,CH,Attacking,Plain(FH)-Plain(BH),Manush,Lefty,,,,Lefty,Lefty,OUTB,0,0,,M,,OUT,1,SPO_TT_2,SPO_TT_13,49391,1,Data Process successfully,2019-10-31 08:18:50.400,,,,,
117,118,3,2,17,1,Manush,FH-BSL,BHL,,,,,,Wesley,Manush,2018-09-28,Non Attacking Shot,Serve,3-2-17,0,1,,Y,,,,,,,99,99,,,,,,,,,FH-BSL,FH-TS,0,0,0,,,,,,,,,,,,,,,,,,,Lefty,FHL,,Attacking,Plain(FH)-Plain(BH),Wesley,Lefty,,,,Lefty,Lefty,FHLA,0,0,FH-BSL,M,,FHL,2,SPO_TT_2,SPO_TT_13,49392,1,Data Process successfully,2019-10-31 08:18:50.400,,,,,
118,119,3,2,17,2,Wesley,FH-TS,OUT,7-10,,,,Unforced,Wesley,Manush,2018-09-28,Attacking Shot,Attacking Shot,3-2-17,1,1,Wesley,,Y,,Wesley,OUT,Manush,Wesley,0,1,,,,,,FH-BSL,FH-TS,,FH-BSL,FH-TS,1,0,0,Manush,FH-BSL,BHL,,,,,BHL,FHL,FH-BSL,,FH-BSL,Conditional,,,,,FHL,Lefty,OUT,FHL,Attacking,Plain(FH)-Plain(BH),Manush,Lefty,,,,Lefty,Lefty,OUTB,0,0,,M,,OUT,1,SPO_TT_2,SPO_TT_13,49393,1,Data Process successfully,2019-10-31 08:18:50.400,,,,,
119,120,3,2,18,1,Manush,FH-RSSO,CL,,,,,,Wesley,Manush,2018-09-28,Non Attacking Shot,Serve,3-2-18,0,1,,Y,,,,,,,99,99,,,,,,,,,FH-RSSO,FH-TS,0,0,0,,,,,,,,,,,,,,,,,,,Lefty,CL,,Attacking,Plain(FH)-Plain(BH),Wesley,Lefty,,,,Lefty,Lefty,CLA,0,0,,M,,CL,3,SPO_TT_2,SPO_TT_13,49394,1,Data Process successfully,2019-10-31 08:18:50.400,,,,,
120,121,3,2,18,2,Wesley,FH-TS,FHL,,,,,,Wesley,Manush,2018-09-28,Attacking Shot,Attacking Shot,3-2-18,1,1,,,Y,,,,,,99,99,,,,,,,,,FH-RSSO,FH-TS,0,0,0,,,,,,,,,,,,,,,,,,,Lefty,BHL,,Attacking,Plain(FH)-Plain(BH),Manush,Lefty,,,,Lefty,Lefty,BHLB,0,0,FH-TS,M,,BHL,2,SPO_TT_2,SPO_TT_13,49395,1,Data Process successfully,2019-10-31 08:18:50.400,,,,,
121,122,3,2,18,3,Manush,FH-TS,MISSED,8-10,,,,Unforced,Wesley,Manush,2018-09-28,Attacking Shot,Attacking Shot,3-2-18,1,0,Wesley,,,,Manush,MISSED,Wesley,Manush,1,0,FH-RSSO-FH-TS,,FH-RSSO-FH-TS-FH-TS,FH-RSSO-FH-TS,,FH-TS,FH-TS,FH-RSSO,FH-RSSO,FH-TS,0,1,0,,,,Wesley,FH-TS,FHL,FH-RSSO-CL,FHL,BHL,FH-TS,,FH-TS,Conditional,,,,,BHL,Lefty,MISSED,BHL,Attacking,Plain(FH)-Plain(BH),Wesley,Lefty,,,,Lefty,Lefty,MISSEDA,0,0,,M,,MISSED,1,SPO_TT_2,SPO_TT_13,49396,1,Data Process successfully,2019-10-31 08:18:50.400,,,,,
122,123,3,2,19,1,Wesley,FH-BSS,BHS,,,,,,Wesley,Manush,2018-09-28,Non Attacking Shot,Serve,3-2-19,0,1,,Y,,,,,,,99,99,,,,,,,,,FH-BSS,BN-FP,0,0,0,,,,,,,,,,,,,,,,,,,Lefty,FHS,,Attacking,Plain(FH)-Plain(BH),Manush,Lefty,,,,Lefty,Lefty,FHSB,0,0,,M,,FHS,3,SPO_TT_2,SPO_TT_13,49397,1,Data Process successfully,2019-10-31 08:18:50.400,,,,,
123,124,3,2,19,2,Manush,BN-FP,BHL,,,,,,Wesley,Manush,2018-09-28,Attacking Shot,Attacking Shot,3-2-19,1,1,,,Y,,,,,,99,99,,,,,,,,,FH-BSS,BN-FP,0,0,0,,,,,,,,,,,,,,,,,,,Lefty,FHL,,Attacking,Plain(FH)-Plain(BH),Wesley,Lefty,,,,Lefty,Lefty,FHLA,0,0,BN-FP,M,,FHL,2,SPO_TT_2,SPO_TT_13,49398,1,Data Process successfully,2019-10-31 08:18:50.400,,,,,
124,125,3,2,19,3,Wesley,BH-BK,NET,8-11,,,Manush,Unforced,Wesley,Manush,2018-09-28,Non Attacking Shot,Non Attacking Shot,3-2-19,0,0,Manush,,,,Wesley,NET,Manush,Wesley,0,1,FH-BSS-BH-BK,,FH-BSS-BN-FP-BH-BK,FH-BSS-BH-BK,,BN-FP,BH-BK,FH-BSS,FH-BSS,BN-FP,0,1,0,,,,Manush,BN-FP,BHL,FH-BSS-BHS,BHL,FHL,BN-FP,,BN-FP,Conditional,,,,,FHL,Lefty,NET,FHL,Attacking,Plain(FH)-Plain(BH),Manush,Lefty,,,,Lefty,Lefty,NETB,0,0,,M,,NET,1,SPO_TT_2,SPO_TT_13,49399,1,Data Process successfully,2019-10-31 08:18:50.400,,,,,
125,126,3,3,1,1,Wesley,FH-BSS,BHS,,,,,,Wesley,Manush,2018-09-28,Non Attacking Shot,Serve,3-3-1,0,1,,Y,,,,,,,99,99,,,,,,,,,FH-BSS,FH-F,0,0,0,,,,,,,,,,,,,,,,,,,Lefty,FHS,,Attacking,Plain(FH)-Plain(BH),Manush,Lefty,,,,Lefty,Lefty,FHSB,0,0,FH-BSS,M,,FHS,2,SPO_TT_2,SPO_TT_13,49400,1,Data Process successfully,2019-10-31 08:18:50.400,,,,,
126,127,3,3,1,2,Manush,FH-F,OUT,1-0,,,,Unforced,Wesley,Manush,2018-09-28,Attacking Shot,Attacking Shot,3-3-1,1,1,Manush,,Y,,Manush,OUT,Wesley,Manush,1,0,,,,,,FH-BSS,FH-F,,FH-BSS,FH-F,1,0,0,Wesley,FH-BSS,BHS,,,,,BHS,FHS,FH-BSS,,FH-BSS,Conditional,,,,,FHS,Lefty,OUT,FHS,Attacking,Plain(FH)-Plain(BH),Wesley,Lefty,,,,Lefty,Lefty,OUTA,0,0,,M,,OUT,1,SPO_TT_2,SPO_TT_13,49401,1,Data Process successfully,2019-10-31 08:18:50.400,,,,,
127,128,3,3,2,1,Wesley,FH-RBSS,FHS,,,,,,Wesley,Manush,2018-09-28,Non Attacking Shot,Serve,3-3-2,0,1,,Y,,,,,,,99,99,,,,,,,,,FH-RBSS,FH-P,0,0,0,,,,,,,,,,,,,,,,,,,Lefty,BHS,,Attacking,Plain(FH)-Plain(BH),Manush,Lefty,,,,Lefty,Lefty,BHSB,0,0,FH-RBSS,M,,BHS,2,SPO_TT_2,SPO_TT_13,49402,1,Data Process successfully,2019-10-31 08:18:50.400,,,,,
128,129,3,3,2,2,Manush,FH-P,NET,2-0,,,,Unforced,Wesley,Manush,2018-09-28,Non Attacking Shot,Non Attacking Shot,3-3-2,0,0,,,Y,,Manush,NET,Wesley,Manush,1,0,,,,,,FH-RBSS,FH-P,,FH-RBSS,FH-P,1,0,0,Wesley,FH-RBSS,FHS,,,,,FHS,BHS,FH-RBSS,,FH-RBSS,Conditional,,,,,BHS,Lefty,NET,BHS,Attacking,Plain(FH)-Plain(BH),Wesley,Lefty,,,,Lefty,Lefty,NETA,0,0,,M,,NET,1,SPO_TT_2,SPO_TT_13,49403,1,Data Process successfully,2019-10-31 08:18:50.400,,,,,
129,130,3,3,3,1,Manush,FH-BSL,BHL,,,,,,Wesley,Manush,2018-09-28,Non Attacking Shot,Serve,3-3-3,0,1,,Y,,,,,,,99,99,,,,,,,,,FH-BSL,FH-TS,0,0,0,,,,,,,,,,,,,,,,,,,Lefty,FHL,,Attacking,Plain(FH)-Plain(BH),Wesley,Lefty,,,,Lefty,Lefty,FHLA,0,0,FH-BSL,M,,FHL,2,SPO_TT_2,SPO_TT_13,49404,1,Data Process successfully,2019-10-31 08:18:50.400,,,,,
130,131,3,3,3,2,Wesley,FH-TS,NET,2-1,,,,Unforced,Wesley,Manush,2018-09-28,Attacking Shot,Attacking Shot,3-3-3,1,1,Wesley,,Y,,Wesley,NET,Manush,Wesley,0,1,,,,,,FH-BSL,FH-TS,,FH-BSL,FH-TS,1,0,0,Manush,FH-BSL,BHL,,,,,BHL,FHL,FH-BSL,,FH-BSL,Conditional,,,,,FHL,Lefty,NET,FHL,Attacking,Plain(FH)-Plain(BH),Manush,Lefty,,,,Lefty,Lefty,NETB,0,0,,M,,NET,1,SPO_TT_2,SPO_TT_13,49405,1,Data Process successfully,2019-10-31 08:18:50.400,,,,,
131,132,3,3,4,1,Manush,SH-NSS,BHH,,,,,,Wesley,Manush,2018-09-28,Non Attacking Shot,Serve,3-3-4,0,1,,Y,,,,,,,99,99,,,,,,,,,SH-NSS,BN-FP,0,0,0,,,,,,,,,,,,,,,,,,,Lefty,FHH,,Attacking,Plain(FH)-Plain(BH),Wesley,Lefty,,,Lateral Movement,Lefty,Lefty,FHHA,0,0,,M,,FHH,10,SPO_TT_2,SPO_TT_13,49406,1,Data Process successfully,2019-10-31 08:18:50.400,,,,,
132,133,3,3,4,2,Wesley,BN-FP,BHL,,,,,,Wesley,Manush,2018-09-28,Attacking Shot,Attacking Shot,3-3-4,1,1,,,Y,,,,,,99,99,,,,,,,,,SH-NSS,BN-FP,0,0,0,,,,,,,,,,,,,,,,,,,Lefty,FHL,,Attacking,Plain(FH)-Plain(BH),Manush,Lefty,,,Lateral Movement,Lefty,Lefty,FHLB,0,0,,M,,FHL,9,SPO_TT_2,SPO_TT_13,49407,1,Data Process successfully,2019-10-31 08:18:50.400,,,,,
133,134,3,3,4,3,Manush,BH-BK,CL,,,,,,Wesley,Manush,2018-09-28,Non Attacking Shot,Non Attacking Shot,3-3-4,0,0,,,,,,,,,99,99,SH-NSS-BH-BK,,,,,,,,SH-NSS,BN-FP,0,0,0,,,,,,,,,,,,,,,,,,,Lefty,CL,,Attacking,Plain(FH)-Plain(BH),Wesley,Lefty,,,Lateral Movement,Lefty,Lefty,CLA,0,0,,M,,CL,8,SPO_TT_2,SPO_TT_13,49408,1,Data Process successfully,2019-10-31 08:18:50.400,,,,,
134,135,3,3,4,4,Wesley,FH-TS,FHL,,,,,,Wesley,Manush,2018-09-28,Attacking Shot,Attacking Shot,3-3-4,1,0,,,,,,,,,99,99,,BN-FP-FH-TS,,,,,,,SH-NSS,BN-FP,0,0,0,,,,,,,,,,,,,,,,,,,Lefty,BHL,,Attacking,Plain(FH)-Plain(BH),Manush,Lefty,,,Lateral Movement,Lefty,Lefty,BHLB,0,0,,M,,BHL,7,SPO_TT_2,SPO_TT_13,49409,1,Data Process successfully,2019-10-31 08:18:50.400,,,,,
135,136,3,3,4,5,Manush,FH-CTS,FHL,,,,,,Wesley,Manush,2018-09-28,Attacking Shot,Attacking Shot,3-3-4,1,0,,,,,,,,,99,99,,,,,,,,,SH-NSS,BN-FP,0,0,0,,,,,,,,,,,,,,,,,,,Lefty,BHL,,Attacking,Plain(FH)-Plain(BH),Wesley,Lefty,,,Lateral Movement,Lefty,Lefty,BHLA,0,0,,M,,BHL,6,SPO_TT_2,SPO_TT_13,49410,1,Data Process successfully,2019-10-31 08:18:50.400,,,,,
136,137,3,3,4,6,Wesley,FH-CTS,FHL,,,,,,Wesley,Manush,2018-09-28,Attacking Shot,Attacking Shot,3-3-4,1,0,,,,,,,,,99,99,,,,,,,,,SH-NSS,BN-FP,0,0,0,,,,,,,,,,,,,,,,,,,Lefty,BHL,,Attacking,Plain(FH)-Plain(BH),Manush,Lefty,,,Lateral Movement,Lefty,Lefty,BHLB,0,0,,M,,BHL,5,SPO_TT_2,SPO_TT_13,49411,1,Data Process successfully,2019-10-31 08:18:50.400,,,,,
137,138,3,3,4,7,Manush,FH-CTS,CL,,,,,,Wesley,Manush,2018-09-28,Attacking Shot,Attacking Shot,3-3-4,1,0,,,,,,,,,99,99,,,,,,,,,SH-NSS,BN-FP,0,0,0,,,,,,,,,,,,,,,,,,,Lefty,CL,,Attacking,Plain(FH)-Plain(BH),Wesley,Lefty,,,Lateral Movement,Lefty,Lefty,CLA,0,0,,M,,CL,4,SPO_TT_2,SPO_TT_13,49412,1,Data Process successfully,2019-10-31 08:18:50.400,,,,,
138,139,3,3,4,8,Wesley,BH-LP,FHL,,,,,,Wesley,Manush,2018-09-28,Attacking Shot,Attacking Shot,3-3-4,1,0,,,,,,,,,99,99,,,,,,,,,SH-NSS,BN-FP,0,0,0,,,,,,,,,,,,,,,,,,,Lefty,BHL,,Attacking,Plain(FH)-Plain(BH),Manush,Lefty,,,Lateral Movement,Lefty,Lefty,BHLB,0,0,,M,,BHL,3,SPO_TT_2,SPO_TT_13,49413,1,Data Process successfully,2019-10-31 08:18:50.400,,,,,
139,140,3,3,4,9,Manush,FH-TS,BHL,,,,,,Wesley,Manush,2018-09-28,Attacking Shot,Attacking Shot,3-3-4,1,0,,,,,,,,,99,99,,,,,,,,,SH-NSS,BN-FP,0,0,0,,,,,,,,,,,,,,,,,,,Lefty,FHL,,Attacking,Plain(FH)-Plain(BH),Wesley,Lefty,,,Lateral Movement,Lefty,Lefty,FHLA,0,0,FH-TS,M,,FHL,2,SPO_TT_2,SPO_TT_13,49414,1,Data Process successfully,2019-10-31 08:18:50.400,,,,,
140,141,3,3,4,10,Wesley,NR,MISSWR,2-2,,,,Forced,Wesley,Manush,2018-09-28,Non Attacking Shot,Non Attacking Shot,3-3-4,0,0,Wesley,,,Manush,Wesley,MISSWR,Manush,Wesley,0,1,,,BH-LP-FH-TS-NR,BH-LP-NR,CL-BHL,FH-TS,NR,BH-LP,SH-NSS,BN-FP,0,0,0,,,,,,,,BHL,FHL,FH-TS,FH-TS,,Unconditional,,,,,FHL,Lefty,MISSWR,FHL,Attacking,Plain(FH)-Plain(BH),Manush,Lefty,CL-BHL,Lateral Movement,Lateral Movement,Lefty,Lefty,MISSWRB,0,0,,M,,MISSWR,1,SPO_TT_2,SPO_TT_13,49415,1,Data Process successfully,2019-10-31 08:18:50.400,,,,,
141,142,3,3,5,1,Wesley,FH-RBSS,FHS,,,,,,Wesley,Manush,2018-09-28,Non Attacking Shot,Serve,3-3-5,0,1,,Y,,,,,,,99,99,,,,,,,,,FH-RBSS,FH-P,0,0,0,,,,,,,,,,,,,,,,,,,Lefty,BHS,,Attacking,Plain(FH)-Plain(BH),Manush,Lefty,,,,Lefty,Lefty,BHSB,0,0,,M,,BHS,3,SPO_TT_2,SPO_TT_13,49416,1,Data Process successfully,2019-10-31 08:18:50.400,,,,,
142,143,3,3,5,2,Manush,FH-P,CL,,,,,,Wesley,Manush,2018-09-28,Non Attacking Shot,Non Attacking Shot,3-3-5,0,0,,,Y,,,,,,99,99,,,,,,,,,FH-RBSS,FH-P,0,0,0,,,,,,,,,,,,,,,,,,,Lefty,CL,,Attacking,Plain(FH)-Plain(BH),Wesley,Lefty,,,,Lefty,Lefty,CLA,0,0,FH-P,M,,CL,2,SPO_TT_2,SPO_TT_13,49417,1,Data Process successfully,2019-10-31 08:18:50.400,,,,,
143,144,3,3,5,3,Wesley,BH-TS,OUT,2-3,,,,Unforced,Wesley,Manush,2018-09-28,Attacking Shot,Attacking Shot,3-3-5,1,1,Wesley,,,,Wesley,OUT,Manush,Wesley,0,1,FH-RBSS-BH-TS,,FH-RBSS-FH-P-BH-TS,FH-RBSS-BH-TS,,FH-P,BH-TS,FH-RBSS,FH-RBSS,FH-P,0,1,0,,,,Manush,FH-P,CL,FH-RBSS-FHS,CL,CL,FH-P,,FH-P,Conditional,,,,,CL,Lefty,OUT,CL,Attacking,Plain(FH)-Plain(BH),Manush,Lefty,,,,Lefty,Lefty,OUTB,0,0,,M,,OUT,1,SPO_TT_2,SPO_TT_13,49418,1,Data Process successfully,2019-10-31 08:18:50.400,,,,,
144,145,3,3,6,1,Wesley,FH-BSS,BHH,,,,,,Wesley,Manush,2018-09-28,Non Attacking Shot,Serve,3-3-6,0,1,,Y,,,,,,,99,99,,,,,,,,,FH-BSS,FH-P,0,0,0,,,,,,,,,,,,,,,,,,,Lefty,FHH,,Attacking,Plain(FH)-Plain(BH),Manush,Lefty,,,Lateral Movement,Lefty,Lefty,FHHB,0,0,,M,,FHH,6,SPO_TT_2,SPO_TT_13,49419,1,Data Process successfully,2019-10-31 08:18:50.400,,,,,
145,146,3,3,6,2,Manush,FH-P,BHL,,,,,,Wesley,Manush,2018-09-28,Non Attacking Shot,Non Attacking Shot,3-3-6,0,0,,,Y,,,,,,99,99,,,,,,,,,FH-BSS,FH-P,0,0,0,,,,,,,,,,,,,,,,,,,Lefty,FHL,,Attacking,Plain(FH)-Plain(BH),Wesley,Lefty,,,Lateral Movement,Lefty,Lefty,FHLA,0,0,,M,,FHL,5,SPO_TT_2,SPO_TT_13,49420,1,Data Process successfully,2019-10-31 08:18:50.400,,,,,
146,147,3,3,6,3,Wesley,BH-TS,CL,,,,,,Wesley,Manush,2018-09-28,Attacking Shot,Attacking Shot,3-3-6,1,1,,,,,,,,,99,99,FH-BSS-BH-TS,,,,,,,,FH-BSS,FH-P,0,0,0,,,,,,,,,,,,,,,,,,,Lefty,CL,,Attacking,Plain(FH)-Plain(BH),Manush,Lefty,,,Lateral Movement,Lefty,Lefty,CLB,0,0,,M,,CL,4,SPO_TT_2,SPO_TT_13,49421,1,Data Process successfully,2019-10-31 08:18:50.400,,,,,
147,148,3,3,6,4,Manush,FH-LP,CL,,,,,,Wesley,Manush,2018-09-28,Attacking Shot,Attacking Shot,3-3-6,1,0,,,,,,,,,99,99,,FH-P-FH-LP,,,,,,,FH-BSS,FH-P,0,0,0,,,,,,,,,,,,,,,,,,,Lefty,CL,,Attacking,Plain(FH)-Plain(BH),Wesley,Lefty,,,Lateral Movement,Lefty,Lefty,CLA,0,0,,M,,CL,3,SPO_TT_2,SPO_TT_13,49422,1,Data Process successfully,2019-10-31 08:18:50.400,,,,,
148,149,3,3,6,5,Wesley,FH-TS,FHL,,,,,,Wesley,Manush,2018-09-28,Attacking Shot,Attacking Shot,3-3-6,1,0,,,,,,,,,99,99,,,,,,,,,FH-BSS,FH-P,0,0,0,,,,,,,,,,,,,,,,,,,Lefty,BHL,,Attacking,Plain(FH)-Plain(BH),Manush,Lefty,,,Lateral Movement,Lefty,Lefty,BHLB,0,0,FH-TS,M,,BHL,2,SPO_TT_2,SPO_TT_13,49423,1,Data Process successfully,2019-10-31 08:18:50.400,,,,,
149,150,3,3,6,6,Manush,FH-CTS,NET,3-3,,,,Unforced,Wesley,Manush,2018-09-28,Attacking Shot,Attacking Shot,3-3-6,1,0,Wesley,,,,Manush,NET,Wesley,Manush,1,0,,,FH-LP-FH-TS-FH-CTS,FH-LP-FH-CTS,CL-FHL,FH-TS,FH-CTS,FH-LP,FH-BSS,FH-P,0,0,0,,,,,,,,FHL,BHL,FH-TS,,FH-TS,Conditional,,,,,BHL,Lefty,NET,BHL,Attacking,Plain(FH)-Plain(BH),Wesley,Lefty,CL-FHL,Lateral Movement,Lateral Movement,Lefty,Lefty,NETA,0,0,,M,,NET,1,SPO_TT_2,SPO_TT_13,49424,1,Data Process successfully,2019-10-31 08:18:50.400,,,,,
150,151,3,3,7,1,Manush,SH-OL,FHL,,,,,,Wesley,Manush,2018-09-28,Non Attacking Shot,Serve,3-3-7,0,1,,Y,,,,,,,99,99,,,,,,,,,SH-OL,NR,0,0,0,,,,,,,,,,,,,,,,,,,Lefty,BHL,,Attacking,Plain(FH)-Plain(BH),Wesley,Lefty,,,,Lefty,Lefty,BHLA,0,0,SH-OL,M,,BHL,2,SPO_TT_2,SPO_TT_13,49425,1,Data Process successfully,2019-10-31 08:18:50.400,,,,,
151,152,3,3,7,2,Wesley,NR,MISSWR,3-4,,,,Forced,Wesley,Manush,2018-09-28,Non Attacking Shot,Non Attacking Shot,3-3-7,0,0,,,Y,Manush,Wesley,MISSWR,Manush,Wesley,0,1,,,,,,SH-OL,NR,,SH-OL,NR,1,0,0,Manush,SH-OL,FHL,,,,,FHL,BHL,SH-OL,SH-OL,,Unconditional,,,,,BHL,Lefty,MISSWR,BHL,Attacking,Plain(FH)-Plain(BH),Manush,Lefty,,,,Lefty,Lefty,MISSWRB,0,0,,M,,MISSWR,1,SPO_TT_2,SPO_TT_13,49426,1,Data Process successfully,2019-10-31 08:18:50.400,,,,,
152,153,3,3,8,1,Manush,FH-BSS,BHS,,,,,,Wesley,Manush,2018-09-28,Non Attacking Shot,Serve,3-3-8,0,1,,Y,,,,,,,99,99,,,,,,,,,FH-BSS,BH-P,0,0,0,,,,,,,,,,,,,,,,,,,Lefty,FHS,,Attacking,Plain(FH)-Plain(BH),Wesley,Lefty,,,Lateral Movement,Lefty,Lefty,FHSA,0,0,,M,,FHS,5,SPO_TT_2,SPO_TT_13,49427,1,Data Process successfully,2019-10-31 08:18:50.400,,,,,
153,154,3,3,8,2,Wesley,BH-P,BHL,,,,,,Wesley,Manush,2018-09-28,Non Attacking Shot,Non Attacking Shot,3-3-8,0,0,,,Y,,,,,,99,99,,,,,,,,,FH-BSS,BH-P,0,0,0,,,,,,,,,,,,,,,,,,,Lefty,FHL,,Attacking,Plain(FH)-Plain(BH),Manush,Lefty,,,Lateral Movement,Lefty,Lefty,FHLB,0,0,,M,,FHL,4,SPO_TT_2,SPO_TT_13,49428,1,Data Process successfully,2019-10-31 08:18:50.400,,,,,
154,155,3,3,8,3,Manush,BH-TS,CL,,,,,,Wesley,Manush,2018-09-28,Attacking Shot,Attacking Shot,3-3-8,1,1,,,,,,,,,99,99,FH-BSS-BH-TS,,,,,,,,FH-BSS,BH-P,0,0,0,,,,,,,,,,,,,,,,,,,Lefty,CL,,Attacking,Plain(FH)-Plain(BH),Wesley,Lefty,,,Lateral Movement,Lefty,Lefty,CLA,0,0,,M,,CL,3,SPO_TT_2,SPO_TT_13,49429,1,Data Process successfully,2019-10-31 08:18:50.400,,,,,
155,156,3,3,8,4,Wesley,FH-BK,FHL,,,,,,Wesley,Manush,2018-09-28,Non Attacking Shot,Non Attacking Shot,3-3-8,0,0,,,,,,,,,99,99,,BH-P-FH-BK,,,,,,,FH-BSS,BH-P,0,0,0,,,,,,,,,,,,,,,,,,,Lefty,BHL,,Attacking,Plain(FH)-Plain(BH),Manush,Lefty,,,Lateral Movement,Lefty,Lefty,BHLB,0,0,FH-BK,M,,BHL,2,SPO_TT_2,SPO_TT_13,49430,1,Data Process successfully,2019-10-31 08:18:50.400,,,,,
156,157,3,3,8,5,Manush,FH-TS,OUT,4-4,,,,Unforced,Wesley,Manush,2018-09-28,Attacking Shot,Attacking Shot,3-3-8,1,0,Manush,,,,Manush,OUT,Wesley,Manush,1,0,,,BH-TS-FH-BK-FH-TS,BH-TS-FH-TS,BHL-FHL,FH-BK,FH-TS,BH-TS,FH-BSS,BH-P,0,0,0,,,,,,,,FHL,BHL,FH-BK,,FH-BK,Conditional,,,,,BHL,Lefty,OUT,BHL,Attacking,Plain(FH)-Plain(BH),Wesley,Lefty,BHL-FHL,Lateral Movement,Lateral Movement,Lefty,Lefty,OUTA,0,0,FH-TS,M,,OUT,1,SPO_TT_2,SPO_TT_13,49431,1,Data Process successfully,2019-10-31 08:18:50.400,,,,,
157,158,3,3,9,1,Wesley,SE,SE,4-5,,,,Unforced,Wesley,Manush,2018-09-28,Non Attacking Shot,Serve,3-3-9,0,1,,Y,,,Wesley,SE,Manush,Wesley,0,1,,,,,,,SE,,SE,,0,0,0,,,,,,,,,,FH-TS,,FH-TS,Conditional,,,,,OUT,Lefty,SE,,Attacking,Plain(FH)-Plain(BH),Manush,Lefty,,,,Lefty,Lefty,SEB,0,0,,M,,SE,1,SPO_TT_2,SPO_TT_13,49432,1,Data Process successfully,2019-10-31 08:18:50.400,,,,,
158,159,3,3,10,1,Wesley,FH-RBSS,FHS,,,,,,Wesley,Manush,2018-09-28,Non Attacking Shot,Serve,3-3-10,0,1,,Y,,,,,,,99,99,,,,,,,,,FH-RBSS,BN-FP,0,0,0,,,,,,,,,,,,,,,,,,,Lefty,BHS,,Attacking,Plain(FH)-Plain(BH),Manush,Lefty,,,,Lefty,Lefty,BHSB,0,0,FH-RBSS,M,,BHS,2,SPO_TT_2,SPO_TT_13,49433,1,Data Process successfully,2019-10-31 08:18:50.400,,,,,
159,160,3,3,10,2,Manush,BN-FP,OUT,5-5,,,,Unforced,Wesley,Manush,2018-09-28,Attacking Shot,Attacking Shot,3-3-10,1,1,Manush,,Y,,Manush,OUT,Wesley,Manush,1,0,,,,,,FH-RBSS,BN-FP,,FH-RBSS,BN-FP,1,0,0,Wesley,FH-RBSS,FHS,,,,,FHS,BHS,FH-RBSS,,FH-RBSS,Conditional,,,,,BHS,Lefty,OUT,BHS,Attacking,Plain(FH)-Plain(BH),Wesley,Lefty,,,,Lefty,Lefty,OUTA,0,0,,M,,OUT,1,SPO_TT_2,SPO_TT_13,49434,1,Data Process successfully,2019-10-31 08:18:50.400,,,,,
160,161,3,3,11,1,Manush,FH-BSL,BHL,,,,,,Wesley,Manush,2018-09-28,Non Attacking Shot,Serve,3-3-11,0,1,,Y,,,,,,,99,99,,,,,,,,,FH-BSL,BH-P,0,0,0,,,,,,,,,,,,,,,,,,,Lefty,FHL,,Attacking,Plain(FH)-Plain(BH),Wesley,Lefty,,,Lateral Movement,Lefty,Lefty,FHLA,0,0,,M,,FHL,4,SPO_TT_2,SPO_TT_13,49435,1,Data Process successfully,2019-10-31 08:18:50.400,,,,,
161,162,3,3,11,2,Wesley,BH-P,CL,,,,,,Wesley,Manush,2018-09-28,Non Attacking Shot,Non Attacking Shot,3-3-11,0,0,,,Y,,,,,,99,99,,,,,,,,,FH-BSL,BH-P,0,0,0,,,,,,,,,,,,,,,,,,,Lefty,CL,,Attacking,Plain(FH)-Plain(BH),Manush,Lefty,,,Lateral Movement,Lefty,Lefty,CLB,0,0,,M,,CL,3,SPO_TT_2,SPO_TT_13,49436,1,Data Process successfully,2019-10-31 08:18:50.400,,,,,
162,163,3,3,11,3,Manush,FH-TS,CL,,,,,,Wesley,Manush,2018-09-28,Attacking Shot,Attacking Shot,3-3-11,1,1,,,,,,,,,99,99,FH-BSL-FH-TS,,,,,,,,FH-BSL,BH-P,0,0,0,,,,,,,,,,,,,,,,,,,Lefty,CL,,Attacking,Plain(FH)-Plain(BH),Wesley,Lefty,,,Lateral Movement,Lefty,Lefty,CLA,0,0,FH-TS,M,,CL,2,SPO_TT_2,SPO_TT_13,49437,1,Data Process successfully,2019-10-31 08:18:50.400,,,,,
163,164,3,3,11,4,Wesley,FH-BK,OUT,5-6,,,,Unforced,Wesley,Manush,2018-09-28,Non Attacking Shot,Non Attacking Shot,3-3-11,0,0,Manush,,,,Wesley,OUT,Manush,Wesley,0,1,,BH-P-FH-BK,BH-P-FH-TS-FH-BK,BH-P-FH-BK,BHL-CL,FH-TS,FH-BK,BH-P,FH-BSL,BH-P,0,0,1,,,,,,,,CL,CL,FH-TS,,FH-TS,Conditional,FH-BSL,BH-P,FH-TS,FH-BK,CL,Lefty,OUT,CL,Attacking,Plain(FH)-Plain(BH),Manush,Lefty,BHL-CL,Lateral Movement,Lateral Movement,Lefty,Lefty,OUTB,0,0,,M,,OUT,1,SPO_TT_2,SPO_TT_13,49438,1,Data Process successfully,2019-10-31 08:18:50.400,,,,,
164,165,3,3,12,1,Manush,SH-OS,FHH,,,,,,Wesley,Manush,2018-09-28,Non Attacking Shot,Serve,3-3-12,0,1,,Y,,,,,,,99,99,,,,,,,,,SH-OS,FH-P,0,0,0,,,,,,,,,,,,,,,,,,,Lefty,BHH,,Attacking,Plain(FH)-Plain(BH),Wesley,Lefty,,,,Lefty,Lefty,BHHA,0,0,,M,,BHH,3,SPO_TT_2,SPO_TT_13,49439,1,Data Process successfully,2019-10-31 08:18:50.400,,,,,
165,166,3,3,12,2,Wesley,FH-P,BHL,,,,,,Wesley,Manush,2018-09-28,Non Attacking Shot,Non Attacking Shot,3-3-12,0,0,,,Y,,,,,,99,99,,,,,,,,,SH-OS,FH-P,0,0,0,,,,,,,,,,,,,,,,,,,Lefty,FHL,,Attacking,Plain(FH)-Plain(BH),Manush,Lefty,,,,Lefty,Lefty,FHLB,0,0,FH-P,M,,FHL,2,SPO_TT_2,SPO_TT_13,49440,1,Data Process successfully,2019-10-31 08:18:50.400,,,,,
166,167,3,3,12,3,Manush,BH-TS,OUT,6-6,,,,Unforced,Wesley,Manush,2018-09-28,Attacking Shot,Attacking Shot,3-3-12,1,1,Manush,,,,Manush,OUT,Wesley,Manush,1,0,SH-OS-BH-TS,,SH-OS-FH-P-BH-TS,SH-OS-BH-TS,,FH-P,BH-TS,SH-OS,SH-OS,FH-P,0,1,0,,,,Wesley,FH-P,BHL,SH-OS-FHH,BHL,FHL,FH-P,,FH-P,Conditional,,,,,FHL,Lefty,OUT,FHL,Attacking,Plain(FH)-Plain(BH),Wesley,Lefty,,,,Lefty,Lefty,OUTA,0,0,,M,,OUT,1,SPO_TT_2,SPO_TT_13,49441,1,Data Process successfully,2019-10-31 08:18:50.400,,,,,
167,168,3,3,13,1,Wesley,FH-BSS,BHS,,,,,,Wesley,Manush,2018-09-28,Non Attacking Shot,Serve,3-3-13,0,1,,Y,,,,,,,99,99,,,,,,,,,FH-BSS,FH-P,0,0,0,,,,,,,,,,,,,,,,,,,Lefty,FHS,,Attacking,Plain(FH)-Plain(BH),Manush,Lefty,,,Diagonal Movement,Lefty,Lefty,FHSB,0,0,,M,,FHS,4,SPO_TT_2,SPO_TT_13,49442,1,Data Process successfully,2019-10-31 08:18:50.400,,,,,
168,169,3,3,13,2,Manush,FH-P,CH,,,,,,Wesley,Manush,2018-09-28,Non Attacking Shot,Non Attacking Shot,3-3-13,0,0,,,Y,,,,,,99,99,,,,,,,,,FH-BSS,FH-P,0,0,0,,,,,,,,,,,,,,,,,,,Lefty,CH,,Attacking,Plain(FH)-Plain(BH),Wesley,Lefty,,,Diagonal Movement,Lefty,Lefty,CHA,0,0,,M,,CH,3,SPO_TT_2,SPO_TT_13,49443,1,Data Process successfully,2019-10-31 08:18:50.400,,,,,
169,170,3,3,13,3,Wesley,FH-TS,FHL,,,,,,Wesley,Manush,2018-09-28,Attacking Shot,Attacking Shot,3-3-13,1,1,,,,,,,,,99,99,FH-BSS-FH-TS,,,,,,,,FH-BSS,FH-P,0,0,0,,,,,,,,,,,,,,,,,,,Lefty,BHL,,Attacking,Plain(FH)-Plain(BH),Manush,Lefty,,,Diagonal Movement,Lefty,Lefty,BHLB,0,0,FH-TS,M,,BHL,2,SPO_TT_2,SPO_TT_13,49444,1,Data Process successfully,2019-10-31 08:18:50.400,,,,,
170,171,3,3,13,4,Manush,FH-CTS,NET,7-6,,,,Unforced,Wesley,Manush,2018-09-28,Attacking Shot,Attacking Shot,3-3-13,1,0,Wesley,,,,Manush,NET,Wesley,Manush,1,0,,FH-P-FH-CTS,FH-P-FH-TS-FH-CTS,FH-P-FH-CTS,BHS-FHL,FH-TS,FH-CTS,FH-P,FH-BSS,FH-P,0,0,1,,,,,,,,FHL,BHL,FH-TS,,FH-TS,Conditional,FH-BSS,FH-P,FH-TS,FH-CTS,BHL,Lefty,NET,BHL,Attacking,Plain(FH)-Plain(BH),Wesley,Lefty,BHS-FHL,Diagonal Movement,Diagonal Movement,Lefty,Lefty,NETA,0,0,,M,,NET,1,SPO_TT_2,SPO_TT_13,49445,1,Data Process successfully,2019-10-31 08:18:50.400,,,,,
171,172,3,3,14,1,Wesley,FH-SBS,BHS,,,,,,Wesley,Manush,2018-09-28,Non Attacking Shot,Serve,3-3-14,0,1,,Y,,,,,,,99,99,,,,,,,,,FH-SBS,FH-DP,0,0,0,,,,,,,,,,,,,,,,,,,Lefty,FHS,,Attacking,Plain(FH)-Plain(BH),Manush,Lefty,,,,Lefty,Lefty,FHSB,0,0,,M,,FHS,3,SPO_TT_2,SPO_TT_13,49446,1,Data Process successfully,2019-10-31 08:18:50.400,,,,,
172,173,3,3,14,2,Manush,FH-DP,CH,,,,,,Wesley,Manush,2018-09-28,Non Attacking Shot,Non Attacking Shot,3-3-14,0,0,,,Y,,,,,,99,99,,,,,,,,,FH-SBS,FH-DP,0,0,0,,,,,,,,,,,,,,,,,,,Lefty,CH,,Attacking,Plain(FH)-Plain(BH),Wesley,Lefty,,,,Lefty,Lefty,CHA,0,0,FH-DP,M,,CH,2,SPO_TT_2,SPO_TT_13,49447,1,Data Process successfully,2019-10-31 08:18:50.400,,,,,
173,174,3,3,14,3,Wesley,FH-TS,OUT,7-7,,,,Unforced,Wesley,Manush,2018-09-28,Attacking Shot,Attacking Shot,3-3-14,1,1,Wesley,,,,Wesley,OUT,Manush,Wesley,0,1,FH-SBS-FH-TS,,FH-SBS-FH-DP-FH-TS,FH-SBS-FH-TS,,FH-DP,FH-TS,FH-SBS,FH-SBS,FH-DP,0,1,0,,,,Manush,FH-DP,CH,FH-SBS-BHS,CH,CH,FH-DP,,FH-DP,Conditional,,,,,CH,Lefty,OUT,CH,Attacking,Plain(FH)-Plain(BH),Manush,Lefty,,,,Lefty,Lefty,OUTB,0,0,,M,,OUT,1,SPO_TT_2,SPO_TT_13,49448,1,Data Process successfully,2019-10-31 08:18:50.400,,,,,
174,175,3,3,15,1,Manush,FH-SBS,CS,,,,,,Wesley,Manush,2018-09-28,Non Attacking Shot,Serve,3-3-15,0,1,,Y,,,,,,,99,99,,,,,,,,,FH-SBS,FH-P,0,0,0,,,,,,,,,,,,,,,,,,,Lefty,CS,,Attacking,Plain(FH)-Plain(BH),Wesley,Lefty,,,,Lefty,Lefty,CSA,0,0,FH-SBS,M,,CS,2,SPO_TT_2,SPO_TT_13,49449,1,Data Process successfully,2019-10-31 08:18:50.400,,,,,
175,176,3,3,15,2,Wesley,FH-P,OUT,7-8,,,,Unforced,Wesley,Manush,2018-09-28,Non Attacking Shot,Non Attacking Shot,3-3-15,0,0,,,Y,,Wesley,OUT,Manush,Wesley,0,1,,,,,,FH-SBS,FH-P,,FH-SBS,FH-P,1,0,0,Manush,FH-SBS,CS,,,,,CS,CS,FH-SBS,,FH-SBS,Conditional,,,,,CS,Lefty,OUT,CS,Attacking,Plain(FH)-Plain(BH),Manush,Lefty,,,,Lefty,Lefty,OUTB,0,0,,M,,OUT,1,SPO_TT_2,SPO_TT_13,49450,1,Data Process successfully,2019-10-31 08:18:50.400,,,,,
176,177,3,3,16,1,Manush,FH-SBS,FHS,,,,,,Wesley,Manush,2018-09-28,Non Attacking Shot,Serve,3-3-16,0,1,,Y,,,,,,,99,99,,,,,,,,,FH-SBS,FH-P,0,0,0,,,,,,,,,,,,,,,,,,,Lefty,BHS,,Attacking,Plain(FH)-Plain(BH),Wesley,Lefty,,,Lateral Movement,Lefty,Lefty,BHSA,0,0,,M,,BHS,14,SPO_TT_2,SPO_TT_13,49451,1,Data Process successfully,2019-10-31 08:18:50.400,,,,,
177,178,3,3,16,2,Wesley,FH-P,BHL,,,,,,Wesley,Manush,2018-09-28,Non Attacking Shot,Non Attacking Shot,3-3-16,0,0,,,Y,,,,,,99,99,,,,,,,,,FH-SBS,FH-P,0,0,0,,,,,,,,,,,,,,,,,,,Lefty,FHL,,Attacking,Plain(FH)-Plain(BH),Manush,Lefty,,,Lateral Movement,Lefty,Lefty,FHLB,0,0,,M,,FHL,13,SPO_TT_2,SPO_TT_13,49452,1,Data Process successfully,2019-10-31 08:18:50.400,,,,,
178,179,3,3,16,3,Manush,BH-TS,BHL,,,,,,Wesley,Manush,2018-09-28,Attacking Shot,Attacking Shot,3-3-16,1,1,,,,,,,,,99,99,FH-SBS-BH-TS,,,,,,,,FH-SBS,FH-P,0,0,0,,,,,,,,,,,,,,,,,,,Lefty,FHL,,Attacking,Plain(FH)-Plain(BH),Wesley,Lefty,,,Lateral Movement,Lefty,Lefty,FHLA,0,0,,M,,FHL,12,SPO_TT_2,SPO_TT_13,49453,1,Data Process successfully,2019-10-31 08:18:50.400,,,,,
179,180,3,3,16,4,Wesley,BH-BK,BHH,,,,,,Wesley,Manush,2018-09-28,Non Attacking Shot,Non Attacking Shot,3-3-16,0,0,,,,,,,,,99,99,,FH-P-BH-BK,,,,,,,FH-SBS,FH-P,0,0,0,,,,,,,,,,,,,,,,,,,Lefty,FHH,,Attacking,Plain(FH)-Plain(BH),Manush,Lefty,,,Lateral Movement,Lefty,Lefty,FHHB,0,0,,M,,FHH,11,SPO_TT_2,SPO_TT_13,49454,1,Data Process successfully,2019-10-31 08:18:50.400,,,,,
180,181,3,3,16,5,Manush,BH-C,CL,,,,,,Wesley,Manush,2018-09-28,Non Attacking Shot,Non Attacking Shot,3-3-16,0,0,,,,,,,,,99,99,,,,,,,,,FH-SBS,FH-P,0,0,0,,,,,,,,,,,,,,,,,,,Lefty,CL,,Attacking,Plain(FH)-Plain(BH),Wesley,Lefty,,,Lateral Movement,Lefty,Lefty,CLA,0,0,,M,,CL,10,SPO_TT_2,SPO_TT_13,49455,1,Data Process successfully,2019-10-31 08:18:50.400,,,,,
181,182,3,3,16,6,Wesley,BH-TS,BHL,,,,,,Wesley,Manush,2018-09-28,Attacking Shot,Attacking Shot,3-3-16,1,0,,,,,,,,,99,99,,,,,,,,,FH-SBS,FH-P,0,0,0,,,,,,,,,,,,,,,,,,,Lefty,FHL,,Attacking,Plain(FH)-Plain(BH),Manush,Lefty,,,Lateral Movement,Lefty,Lefty,FHLB,0,0,,M,,FHL,9,SPO_TT_2,SPO_TT_13,49456,1,Data Process successfully,2019-10-31 08:18:50.400,,,,,
182,183,3,3,16,7,Manush,BH-C,CL,,,,,,Wesley,Manush,2018-09-28,Non Attacking Shot,Non Attacking Shot,3-3-16,0,0,,,,,,,,,99,99,,,,,,,,,FH-SBS,FH-P,0,0,0,,,,,,,,,,,,,,,,,,,Lefty,CL,,Attacking,Plain(FH)-Plain(BH),Wesley,Lefty,,,Lateral Movement,Lefty,Lefty,CLA,0,0,,M,,CL,8,SPO_TT_2,SPO_TT_13,49457,1,Data Process successfully,2019-10-31 08:18:50.400,,,,,
183,184,3,3,16,8,Wesley,FH-TS,CL,,,,,,Wesley,Manush,2018-09-28,Attacking Shot,Attacking Shot,3-3-16,1,0,,,,,,,,,99,99,,,,,,,,,FH-SBS,FH-P,0,0,0,,,,,,,,,,,,,,,,,,,Lefty,CL,,Attacking,Plain(FH)-Plain(BH),Manush,Lefty,,,Lateral Movement,Lefty,Lefty,CLB,0,0,,M,,CL,7,SPO_TT_2,SPO_TT_13,49458,1,Data Process successfully,2019-10-31 08:18:50.400,,,,,
184,185,3,3,16,9,Manush,FH-BK,BHH,,,,,,Wesley,Manush,2018-09-28,Non Attacking Shot,Non Attacking Shot,3-3-16,0,0,,,,,,,,,99,99,,,,,,,,,FH-SBS,FH-P,0,0,0,,,,,,,,,,,,,,,,,,,Lefty,FHH,,Attacking,Plain(FH)-Plain(BH),Wesley,Lefty,,,Lateral Movement,Lefty,Lefty,FHHA,0,0,,M,,FHH,6,SPO_TT_2,SPO_TT_13,49459,1,Data Process successfully,2019-10-31 08:18:50.400,,,,,
185,186,3,3,16,10,Wesley,BH-C,BHL,,,,,,Wesley,Manush,2018-09-28,Non Attacking Shot,Non Attacking Shot,3-3-16,0,0,,,,,,,,,99,99,,,,,,,,,FH-SBS,FH-P,0,0,0,,,,,,,,,,,,,,,,,,,Lefty,FHL,,Attacking,Plain(FH)-Plain(BH),Manush,Lefty,,,Lateral Movement,Lefty,Lefty,FHLB,0,0,,M,,FHL,5,SPO_TT_2,SPO_TT_13,49460,1,Data Process successfully,2019-10-31 08:18:50.400,,,,,
186,187,3,3,16,11,Manush,BH-P,BHH,,,,,,Wesley,Manush,2018-09-28,Non Attacking Shot,Non Attacking Shot,3-3-16,0,0,,,,,,,,,99,99,,,,,,,,,FH-SBS,FH-P,0,0,0,,,,,,,,,,,,,,,,,,,Lefty,FHH,,Attacking,Plain(FH)-Plain(BH),Wesley,Lefty,,,Lateral Movement,Lefty,Lefty,FHHA,0,0,,M,,FHH,4,SPO_TT_2,SPO_TT_13,49461,1,Data Process successfully,2019-10-31 08:18:50.400,,,,,
187,188,3,3,16,12,Wesley,FH-TS,FHH,,,,,,Wesley,Manush,2018-09-28,Attacking Shot,Attacking Shot,3-3-16,1,0,,,,,,,,,99,99,,,,,,,,,FH-SBS,FH-P,0,0,0,,,,,,,,,,,,,,,,,,,Lefty,BHH,,Attacking,Plain(FH)-Plain(BH),Manush,Lefty,,,Lateral Movement,Lefty,Lefty,BHHB,0,0,,M,,BHH,3,SPO_TT_2,SPO_TT_13,49462,1,Data Process successfully,2019-10-31 08:18:50.400,,,,,
188,189,3,3,16,13,Manush,FH-C,EFHH,,,,,,Wesley,Manush,2018-09-28,Non Attacking Shot,Non Attacking Shot,3-3-16,0,0,,,,,,,,,99,99,,,,,,,,,FH-SBS,FH-P,0,0,0,,,,,,,,,,,,,,,,,,,Lefty,EBHH,,Attacking,Plain(FH)-Plain(BH),Wesley,Lefty,,,Lateral Movement,Lefty,Lefty,EBHHA,0,0,FH-C,M,,EBHH,2,SPO_TT_2,SPO_TT_13,49463,1,Data Process successfully,2019-10-31 08:18:50.400,,,,,
189,190,3,3,16,14,Wesley,NR,MISSWR,7-9,,,,Forced,Wesley,Manush,2018-09-28,Non Attacking Shot,Non Attacking Shot,3-3-16,0,0,Manush,,,Manush,Wesley,MISSWR,Manush,Wesley,0,1,,,FH-TS-FH-C-NR,FH-TS-NR,BHH-EFHH,FH-C,NR,FH-TS,FH-SBS,FH-P,0,0,0,,,,,,,,EFHH,EBHH,FH-C,FH-C,,Unconditional,,,,,EBHH,Lefty,MISSWR,EBHH,Attacking,Plain(FH)-Plain(BH),Manush,Lefty,BHH-EFHH,Lateral Movement,Lateral Movement,Lefty,Lefty,MISSWRB,0,0,,M,,MISSWR,1,SPO_TT_2,SPO_TT_13,49464,1,Data Process successfully,2019-10-31 08:18:50.400,,,,,
190,191,3,3,17,1,Wesley,FH-RBSL,BHH,,,,,,Wesley,Manush,2018-09-28,Non Attacking Shot,Serve,3-3-17,0,1,,Y,,,,,,,99,99,,,,,,,,,FH-RBSL,BH-P,0,0,0,,,,,,,,,,,,,,,,,,,Lefty,FHH,,Attacking,Plain(FH)-Plain(BH),Manush,Lefty,,,,Lefty,Lefty,FHHB,0,0,FH-RBSL,M,,FHH,2,SPO_TT_2,SPO_TT_13,49465,1,Data Process successfully,2019-10-31 08:18:50.400,,,,,
191,192,3,3,17,2,Manush,BH-P,NET,8-9,,,,Unforced,Wesley,Manush,2018-09-28,Non Attacking Shot,Non Attacking Shot,3-3-17,0,0,,,Y,,Manush,NET,Wesley,Manush,1,0,,,,,,FH-RBSL,BH-P,,FH-RBSL,BH-P,1,0,0,Wesley,FH-RBSL,BHH,,,,,BHH,FHH,FH-RBSL,,FH-RBSL,Conditional,,,,,FHH,Lefty,NET,FHH,Attacking,Plain(FH)-Plain(BH),Wesley,Lefty,,,,Lefty,Lefty,NETA,0,0,,M,,NET,1,SPO_TT_2,SPO_TT_13,49466,1,Data Process successfully,2019-10-31 08:18:50.400,,,,,
192,193,3,3,18,1,Wesley,FH-SSL,BHL,,,,,,Wesley,Manush,2018-09-28,Non Attacking Shot,Serve,3-3-18,0,1,,Y,,,,,,,99,99,,,,,,,,,FH-SSL,FH-TS,0,0,0,,,,,,,,,,,,,,,,,,,Lefty,FHL,,Attacking,Plain(FH)-Plain(BH),Manush,Lefty,,,Lateral Movement,Lefty,Lefty,FHLB,0,0,,M,,FHL,9,SPO_TT_2,SPO_TT_13,49467,1,Data Process successfully,2019-10-31 08:18:50.400,,,,,
193,194,3,3,18,2,Manush,FH-TS,BHL,,,,,,Wesley,Manush,2018-09-28,Attacking Shot,Attacking Shot,3-3-18,1,1,,,Y,,,,,,99,99,,,,,,,,,FH-SSL,FH-TS,0,0,0,,,,,,,,,,,,,,,,,,,Lefty,FHL,,Attacking,Plain(FH)-Plain(BH),Wesley,Lefty,,,Lateral Movement,Lefty,Lefty,FHLA,0,0,,M,,FHL,8,SPO_TT_2,SPO_TT_13,49468,1,Data Process successfully,2019-10-31 08:18:50.400,,,,,
194,195,3,3,18,3,Wesley,BH-BK,FHL,,,,,,Wesley,Manush,2018-09-28,Non Attacking Shot,Non Attacking Shot,3-3-18,0,0,,,,,,,,,99,99,FH-SSL-BH-BK,,,,,,,,FH-SSL,FH-TS,0,0,0,,,,,,,,,,,,,,,,,,,Lefty,BHL,,Attacking,Plain(FH)-Plain(BH),Manush,Lefty,,,Lateral Movement,Lefty,Lefty,BHLB,0,0,,M,,BHL,7,SPO_TT_2,SPO_TT_13,49469,1,Data Process successfully,2019-10-31 08:18:50.400,,,,,
195,196,3,3,18,4,Manush,FH-TS,FHL,,,,,,Wesley,Manush,2018-09-28,Attacking Shot,Attacking Shot,3-3-18,1,0,,,,,,,,,99,99,,FH-TS-FH-TS,,,,,,,FH-SSL,FH-TS,0,0,0,,,,,,,,,,,,,,,,,,,Lefty,BHL,,Attacking,Plain(FH)-Plain(BH),Wesley,Lefty,,,Lateral Movement,Lefty,Lefty,BHLA,0,0,,M,,BHL,6,SPO_TT_2,SPO_TT_13,49470,1,Data Process successfully,2019-10-31 08:18:50.400,,,,,
196,197,3,3,18,5,Wesley,FH-CTS,FHL,,,,,,Wesley,Manush,2018-09-28,Attacking Shot,Attacking Shot,3-3-18,1,0,,,,,,,,,99,99,,,,,,,,,FH-SSL,FH-TS,0,0,0,,,,,,,,,,,,,,,,,,,Lefty,BHL,,Attacking,Plain(FH)-Plain(BH),Manush,Lefty,,,Lateral Movement,Lefty,Lefty,BHLB,0,0,,M,,BHL,5,SPO_TT_2,SPO_TT_13,49471,1,Data Process successfully,2019-10-31 08:18:50.400,,,,,
197,198,3,3,18,6,Manush,FH-CTS,CL,,,,,,Wesley,Manush,2018-09-28,Attacking Shot,Attacking Shot,3-3-18,1,0,,,,,,,,,99,99,,,,,,,,,FH-SSL,FH-TS,0,0,0,,,,,,,,,,,,,,,,,,,Lefty,CL,,Attacking,Plain(FH)-Plain(BH),Wesley,Lefty,,,Lateral Movement,Lefty,Lefty,CLA,0,0,,M,,CL,4,SPO_TT_2,SPO_TT_13,49472,1,Data Process successfully,2019-10-31 08:18:50.400,,,,,
198,199,3,3,18,7,Wesley,BH-TS,BHL,,,,,,Wesley,Manush,2018-09-28,Attacking Shot,Attacking Shot,3-3-18,1,0,,,,,,,,,99,99,,,,,,,,,FH-SSL,FH-TS,0,0,0,,,,,,,,,,,,,,,,,,,Lefty,FHL,,Attacking,Plain(FH)-Plain(BH),Manush,Lefty,,,Lateral Movement,Lefty,Lefty,FHLB,0,0,,M,,FHL,3,SPO_TT_2,SPO_TT_13,49473,1,Data Process successfully,2019-10-31 08:18:50.400,,,,,
199,200,3,3,18,8,Manush,BH-C,BHL,,,,,,Wesley,Manush,2018-09-28,Non Attacking Shot,Non Attacking Shot,3-3-18,0,0,,,,,,,,,99,99,,,,,,,,,FH-SSL,FH-TS,0,0,0,,,,,,,,,,,,,,,,,,,Lefty,FHL,,Attacking,Plain(FH)-Plain(BH),Wesley,Lefty,,,Lateral Movement,Lefty,Lefty,FHLA,0,0,BH-C,M,,FHL,2,SPO_TT_2,SPO_TT_13,49474,1,Data Process successfully,2019-10-31 08:18:50.400,,,,,
200,201,3,3,18,9,Wesley,NR,MISSWR,8-10,,,,Forced,Wesley,Manush,2018-09-28,Non Attacking Shot,Non Attacking Shot,3-3-18,0,0,Manush,,,Manush,Wesley,MISSWR,Manush,Wesley,0,1,,,BH-TS-BH-C-NR,BH-TS-NR,CL-BHL,BH-C,NR,BH-TS,FH-SSL,FH-TS,0,0,0,,,,,,,,BHL,FHL,BH-C,BH-C,,Unconditional,,,,,FHL,Lefty,MISSWR,FHL,Attacking,Plain(FH)-Plain(BH),Manush,Lefty,CL-BHL,Lateral Movement,Lateral Movement,Lefty,Lefty,MISSWRB,0,0,,M,,MISSWR,1,SPO_TT_2,SPO_TT_13,49475,1,Data Process successfully,2019-10-31 08:18:50.400,,,,,
201,202,3,3,19,1,Manush,FH-NSL,BHH,,,,,,Wesley,Manush,2018-09-28,Non Attacking Shot,Serve,3-3-19,0,1,,Y,,,,,,,99,99,,,,,,,,,FH-NSL,BH-TS,0,0,0,,,,,,,,,,,,,,,,,,,Lefty,FHH,,Attacking,Plain(FH)-Plain(BH),Wesley,Lefty,,,Lateral Movement,Lefty,Lefty,FHHA,0,0,,M,,FHH,7,SPO_TT_2,SPO_TT_13,49476,1,Data Process successfully,2019-10-31 08:18:50.400,,,,,
202,203,3,3,19,2,Wesley,BH-TS,BHL,,,,,,Wesley,Manush,2018-09-28,Attacking Shot,Attacking Shot,3-3-19,1,1,,,Y,,,,,,99,99,,,,,,,,,FH-NSL,BH-TS,0,0,0,,,,,,,,,,,,,,,,,,,Lefty,FHL,,Attacking,Plain(FH)-Plain(BH),Manush,Lefty,,,Lateral Movement,Lefty,Lefty,FHLB,0,0,,M,,FHL,6,SPO_TT_2,SPO_TT_13,49477,1,Data Process successfully,2019-10-31 08:18:50.400,,,,,
203,204,3,3,19,3,Manush,BH-BK,FHL,,,,,,Wesley,Manush,2018-09-28,Non Attacking Shot,Non Attacking Shot,3-3-19,0,0,,,,,,,,,99,99,FH-NSL-BH-BK,,,,,,,,FH-NSL,BH-TS,0,0,0,,,,,,,,,,,,,,,,,,,Lefty,BHL,,Attacking,Plain(FH)-Plain(BH),Wesley,Lefty,,,Lateral Movement,Lefty,Lefty,BHLA,0,0,,M,,BHL,5,SPO_TT_2,SPO_TT_13,49478,1,Data Process successfully,2019-10-31 08:18:50.400,,,,,
204,205,3,3,19,4,Wesley,FH-TS,CL,,,,,,Wesley,Manush,2018-09-28,Attacking Shot,Attacking Shot,3-3-19,1,0,,,,,,,,,99,99,,BH-TS-FH-TS,,,,,,,FH-NSL,BH-TS,0,0,0,,,,,,,,,,,,,,,,,,,Lefty,CL,,Attacking,Plain(FH)-Plain(BH),Manush,Lefty,,,Lateral Movement,Lefty,Lefty,CLB,0,0,,M,,CL,4,SPO_TT_2,SPO_TT_13,49479,1,Data Process successfully,2019-10-31 08:18:50.400,,,,,
205,206,3,3,19,5,Manush,FH-CTS,FHL,,,,,,Wesley,Manush,2018-09-28,Attacking Shot,Attacking Shot,3-3-19,1,0,,,,,,,,,99,99,,,,,,,,,FH-NSL,BH-TS,0,0,0,,,,,,,,,,,,,,,,,,,Lefty,BHL,,Attacking,Plain(FH)-Plain(BH),Wesley,Lefty,,,Lateral Movement,Lefty,Lefty,BHLA,0,0,,M,,BHL,3,SPO_TT_2,SPO_TT_13,49480,1,Data Process successfully,2019-10-31 08:18:50.400,,,,,
206,207,3,3,19,6,Wesley,FH-CTS,FHL,,,,,,Wesley,Manush,2018-09-28,Attacking Shot,Attacking Shot,3-3-19,1,0,,,,,,,,,99,99,,,,,,,,,FH-NSL,BH-TS,0,0,0,,,,,,,,,,,,,,,,,,,Lefty,BHL,,Attacking,Plain(FH)-Plain(BH),Manush,Lefty,,,Lateral Movement,Lefty,Lefty,BHLB,0,0,FH-CTS,M,,BHL,2,SPO_TT_2,SPO_TT_13,49481,1,Data Process successfully,2019-10-31 08:18:50.400,,,,,
207,208,3,3,19,7,Manush,FH-CTS,OUT,9-10,,,,Unforced,Wesley,Manush,2018-09-28,Attacking Shot,Attacking Shot,3-3-19,1,0,Wesley,,,,Manush,OUT,Wesley,Manush,1,0,,,FH-CTS-FH-CTS-FH-CTS,FH-CTS-FH-CTS,CL-FHL,FH-CTS,FH-CTS,FH-CTS,FH-NSL,BH-TS,0,0,0,,,,,,,,FHL,BHL,FH-CTS,,FH-CTS,Conditional,,,,,BHL,Lefty,OUT,BHL,Attacking,Plain(FH)-Plain(BH),Wesley,Lefty,CL-FHL,Lateral Movement,Lateral Movement,Lefty,Lefty,OUTA,0,0,,M,,OUT,1,SPO_TT_2,SPO_TT_13,49482,1,Data Process successfully,2019-10-31 08:18:50.400,,,,,
208,209,3,3,20,1,Manush,FH-SSL,BHL,,,,,,Wesley,Manush,2018-09-28,Non Attacking Shot,Serve,3-3-20,0,1,,Y,,,,,,,99,99,,,,,,,,,FH-SSL,BH-TS,0,0,0,,,,,,,,,,,,,,,,,,,Lefty,FHL,,Attacking,Plain(FH)-Plain(BH),Wesley,Lefty,,,,Lefty,Lefty,FHLA,0,0,FH-SSL,M,,FHL,2,SPO_TT_2,SPO_TT_13,49483,1,Data Process successfully,2019-10-31 08:18:50.400,,,,,
209,210,3,3,20,2,Wesley,BH-TS,OUT,9-11,,,Manush,Unforced,Wesley,Manush,2018-09-28,Attacking Shot,Attacking Shot,3-3-20,1,1,Wesley,,Y,,Wesley,OUT,Manush,Wesley,0,1,,,,,,FH-SSL,BH-TS,,FH-SSL,BH-TS,1,0,0,Manush,FH-SSL,BHL,,,,,BHL,FHL,FH-SSL,,FH-SSL,Conditional,,,,,FHL,Lefty,OUT,FHL,Attacking,Plain(FH)-Plain(BH),Manush,Lefty,,,,Lefty,Lefty,OUTB,0,0,,M,,OUT,1,SPO_TT_2,SPO_TT_13,49484,1,Data Process successfully,2019-10-31 08:18:50.400,,,,,
210,10508,3,1,1,0,Wesley,FH-SBL,BHL,,,,,,Wesley,Manush,2018-09-28,,,3-1-1,0,0,,,,,,,,,99,99,,,,,,,,,,,0,0,0,,,,,,,,,,,,,,,,,,,,,,,,,,,,,,,FHLA_0,0,0,,,,,0,SPO_TT_2,SPO_TT_13,73491,1,Data Process successfully,2019-10-31 08:18:50.400,,,,,
211,10509,3,1,2,0,Wesley,FH-RSBS,BHL,,,,,,Wesley,Manush,2018-09-28,,,3-1-2,0,0,,,,,,,,,99,99,,,,,,,,,,,0,0,0,,,,,,,,,,,,,,,,,,,,,,,,,,,,,,,FHLA_0,0,0,,,,,0,SPO_TT_2,SPO_TT_13,73492,1,Data Process successfully,2019-10-31 08:18:50.400,,,,,
212,10510,3,1,3,0,Manush,FH-BSS,BHL,,,,,,Wesley,Manush,2018-09-28,,,3-1-3,0,0,,,,,,,,,99,99,,,,,,,,,,,0,0,0,,,,,,,,,,,,,,,,,,,,,,,,,,,,,,,FHLB_0,0,0,,,,,0,SPO_TT_2,SPO_TT_13,73493,1,Data Process successfully,2019-10-31 08:18:50.400,,,,,
213,10511,3,1,4,0,Manush,FH-SBL,BHL,,,,,,Wesley,Manush,2018-09-28,,,3-1-4,0,0,,,,,,,,,99,99,,,,,,,,,,,0,0,0,,,,,,,,,,,,,,,,,,,,,,,,,,,,,,,FHLB_0,0,0,,,,,0,SPO_TT_2,SPO_TT_13,73494,1,Data Process successfully,2019-10-31 08:18:50.400,,,,,
214,10512,3,1,5,0,Wesley,FH-SBL,BHL,,,,,,Wesley,Manush,2018-09-28,,,3-1-5,0,0,,,,,,,,,99,99,,,,,,,,,,,0,0,0,,,,,,,,,,,,,,,,,,,,,,,,,,,,,,,FHLA_0,0,0,,,,,0,SPO_TT_2,SPO_TT_13,73495,1,Data Process successfully,2019-10-31 08:18:50.400,,,,,
215,10513,3,1,6,0,Wesley,FH-SBS,BHL,,,,,,Wesley,Manush,2018-09-28,,,3-1-6,0,0,,,,,,,,,99,99,,,,,,,,,,,0,0,0,,,,,,,,,,,,,,,,,,,,,,,,,,,,,,,FHLA_0,0,0,,,,,0,SPO_TT_2,SPO_TT_13,73496,1,Data Process successfully,2019-10-31 08:18:50.400,,,,,
216,10514,3,1,7,0,Manush,FH-BSS,BHL,,,,,,Wesley,Manush,2018-09-28,,,3-1-7,0,0,,,,,,,,,99,99,,,,,,,,,,,0,0,0,,,,,,,,,,,,,,,,,,,,,,,,,,,,,,,FHLB_0,0,0,,,,,0,SPO_TT_2,SPO_TT_13,73497,1,Data Process successfully,2019-10-31 08:18:50.400,,,,,
217,10515,3,1,8,0,Manush,FH-SSS,BHL,,,,,,Wesley,Manush,2018-09-28,,,3-1-8,0,0,,,,,,,,,99,99,,,,,,,,,,,0,0,0,,,,,,,,,,,,,,,,,,,,,,,,,,,,,,,FHLB_0,0,0,,,,,0,SPO_TT_2,SPO_TT_13,73498,1,Data Process successfully,2019-10-31 08:18:50.400,,,,,
218,10516,3,1,9,0,Wesley,FH-SBS,BHL,,,,,,Wesley,Manush,2018-09-28,,,3-1-9,0,0,,,,,,,,,99,99,,,,,,,,,,,0,0,0,,,,,,,,,,,,,,,,,,,,,,,,,,,,,,,FHLA_0,0,0,,,,,0,SPO_TT_2,SPO_TT_13,73499,1,Data Process successfully,2019-10-31 08:18:50.400,,,,,
219,10517,3,1,10,0,Wesley,FH-SBL,BHL,,,,,,Wesley,Manush,2018-09-28,,,3-1-10,0,0,,,,,,,,,99,99,,,,,,,,,,,0,0,0,,,,,,,,,,,,,,,,,,,,,,,,,,,,,,,FHLA_0,0,0,,,,,0,SPO_TT_2,SPO_TT_13,73500,1,Data Process successfully,2019-10-31 08:18:50.400,,,,,
220,10518,3,1,11,0,Manush,FH-NSS,BHL,,,,,,Wesley,Manush,2018-09-28,,,3-1-11,0,0,,,,,,,,,99,99,,,,,,,,,,,0,0,0,,,,,,,,,,,,,,,,,,,,,,,,,,,,,,,FHLB_0,0,0,,,,,0,SPO_TT_2,SPO_TT_13,73501,1,Data Process successfully,2019-10-31 08:18:50.400,,,,,
221,10519,3,1,12,0,Manush,FH-BSS,BHL,,,,,,Wesley,Manush,2018-09-28,,,3-1-12,0,0,,,,,,,,,99,99,,,,,,,,,,,0,0,0,,,,,,,,,,,,,,,,,,,,,,,,,,,,,,,FHLB_0,0,0,,,,,0,SPO_TT_2,SPO_TT_13,73502,1,Data Process successfully,2019-10-31 08:18:50.400,,,,,
222,10520,3,1,13,0,Wesley,FH-TMH,BHL,,,,,,Wesley,Manush,2018-09-28,,,3-1-13,0,0,,,,,,,,,99,99,,,,,,,,,,,0,0,0,,,,,,,,,,,,,,,,,,,,,,,,,,,,,,,FHLA_0,0,0,,,,,0,SPO_TT_2,SPO_TT_13,73503,1,Data Process successfully,2019-10-31 08:18:50.400,,,,,
223,10521,3,1,14,0,Wesley,FH-TMH,BHL,,,,,,Wesley,Manush,2018-09-28,,,3-1-14,0,0,,,,,,,,,99,99,,,,,,,,,,,0,0,0,,,,,,,,,,,,,,,,,,,,,,,,,,,,,,,FHLA_0,0,0,,,,,0,SPO_TT_2,SPO_TT_13,73504,1,Data Process successfully,2019-10-31 08:18:50.400,,,,,
224,10522,3,1,15,0,Manush,SH-BSS,BHL,,,,,,Wesley,Manush,2018-09-28,,,3-1-15,0,0,,,,,,,,,99,99,,,,,,,,,,,0,0,0,,,,,,,,,,,,,,,,,,,,,,,,,,,,,,,FHLB_0,0,0,,,,,0,SPO_TT_2,SPO_TT_13,73505,1,Data Process successfully,2019-10-31 08:18:50.400,,,,,
225,10523,3,1,16,0,Manush,FH-SM,BHL,,,,,,Wesley,Manush,2018-09-28,,,3-1-16,0,1,,,,,,,,,99,99,,,,,,,,,,,0,0,0,,,,,,,,,,,,,,,,,,,,,,,,,,,,,,,FHLB_0,0,0,,,,,0,SPO_TT_2,SPO_TT_13,73506,1,Data Process successfully,2019-10-31 08:18:50.400,,,,,
226,10524,3,1,17,0,Wesley,FH-SBS,BHL,,,,,,Wesley,Manush,2018-09-28,,,3-1-17,0,0,,,,,,,,,99,99,,,,,,,,,,,0,0,0,,,,,,,,,,,,,,,,,,,,,,,,,,,,,,,FHLA_0,0,0,,,,,0,SPO_TT_2,SPO_TT_13,73507,1,Data Process successfully,2019-10-31 08:18:50.400,,,,,
227,10525,3,1,18,0,Wesley,FH-RBSS,BHL,,,,,,Wesley,Manush,2018-09-28,,,3-1-18,0,0,,,,,,,,,99,99,,,,,,,,,,,0,0,0,,,,,,,,,,,,,,,,,,,,,,,,,,,,,,,FHLA_0,0,0,,,,,0,SPO_TT_2,SPO_TT_13,73508,1,Data Process successfully,2019-10-31 08:18:50.400,,,,,
228,10526,3,1,19,0,Manush,FH-BSL,BHL,,,,,,Wesley,Manush,2018-09-28,,,3-1-19,0,0,,,,,,,,,99,99,,,,,,,,,,,0,0,0,,,,,,,,,,,,,,,,,,,,,,,,,,,,,,,FHLB_0,0,0,,,,,0,SPO_TT_2,SPO_TT_13,73509,1,Data Process successfully,2019-10-31 08:18:50.400,,,,,
229,10527,3,2,1,0,Manush,SH-BSS,BHL,,,,,,Wesley,Manush,2018-09-28,,,3-2-1,0,0,,,,,,,,,99,99,,,,,,,,,,,0,0,0,,,,,,,,,,,,,,,,,,,,,,,,,,,,,,,FHLB_0,0,0,,,,,0,SPO_TT_2,SPO_TT_13,73510,1,Data Process successfully,2019-10-31 08:18:50.400,,,,,
230,10528,3,2,2,0,Manush,FH-BSS,BHL,,,,,,Wesley,Manush,2018-09-28,,,3-2-2,0,0,,,,,,,,,99,99,,,,,,,,,,,0,0,0,,,,,,,,,,,,,,,,,,,,,,,,,,,,,,,FHLB_0,0,0,,,,,0,SPO_TT_2,SPO_TT_13,73511,1,Data Process successfully,2019-10-31 08:18:50.400,,,,,
231,10529,3,2,3,0,Wesley,FH-SBS,BHL,,,,,,Wesley,Manush,2018-09-28,,,3-2-3,0,0,,,,,,,,,99,99,,,,,,,,,,,0,0,0,,,,,,,,,,,,,,,,,,,,,,,,,,,,,,,FHLA_0,0,0,,,,,0,SPO_TT_2,SPO_TT_13,73512,1,Data Process successfully,2019-10-31 08:18:50.400,,,,,
232,10530,3,2,4,0,Wesley,BH-NSL,CL,,,,,,Wesley,Manush,2018-09-28,,,3-2-4,0,0,,,,,,,,,99,99,,,,,,,,,,,0,0,0,,,,,,,,,,,,,,,,,,,,,,,,,,,,,,,CLA_0,0,0,,,,,0,SPO_TT_2,SPO_TT_13,73513,1,Data Process successfully,2019-10-31 08:18:50.400,,,,,
233,10531,3,2,5,0,Manush,FH-BSS,BHL,,,,,,Wesley,Manush,2018-09-28,,,3-2-5,0,0,,,,,,,,,99,99,,,,,,,,,,,0,0,0,,,,,,,,,,,,,,,,,,,,,,,,,,,,,,,FHLB_0,0,0,,,,,0,SPO_TT_2,SPO_TT_13,73514,1,Data Process successfully,2019-10-31 08:18:50.400,,,,,
234,10532,3,2,6,0,Manush,FH-BSSO,BHL,,,,,,Wesley,Manush,2018-09-28,,,3-2-6,0,0,,,,,,,,,99,99,,,,,,,,,,,0,0,0,,,,,,,,,,,,,,,,,,,,,,,,,,,,,,,FHLB_0,0,0,,,,,0,SPO_TT_2,SPO_TT_13,73515,1,Data Process successfully,2019-10-31 08:18:50.400,,,,,
235,10533,3,2,7,0,Wesley,FH-SBS,BHL,,,,,,Wesley,Manush,2018-09-28,,,3-2-7,0,0,,,,,,,,,99,99,,,,,,,,,,,0,0,0,,,,,,,,,,,,,,,,,,,,,,,,,,,,,,,FHLA_0,0,0,,,,,0,SPO_TT_2,SPO_TT_13,73516,1,Data Process successfully,2019-10-31 08:18:50.400,,,,,
236,10534,3,2,8,0,Wesley,FH-RBSS,BHL,,,,,,Wesley,Manush,2018-09-28,,,3-2-8,0,0,,,,,,,,,99,99,,,,,,,,,,,0,0,0,,,,,,,,,,,,,,,,,,,,,,,,,,,,,,,FHLA_0,0,0,,,,,0,SPO_TT_2,SPO_TT_13,73517,1,Data Process successfully,2019-10-31 08:18:50.400,,,,,
237,10535,3,2,9,0,Manush,FH-BSS,BHL,,,,,,Wesley,Manush,2018-09-28,,,3-2-9,0,0,,,,,,,,,99,99,,,,,,,,,,,0,0,0,,,,,,,,,,,,,,,,,,,,,,,,,,,,,,,FHLB_0,0,0,,,,,0,SPO_TT_2,SPO_TT_13,73518,1,Data Process successfully,2019-10-31 08:18:50.400,,,,,
238,10536,3,2,10,0,Manush,FH-SSL,BHL,,,,,,Wesley,Manush,2018-09-28,,,3-2-10,0,0,,,,,,,,,99,99,,,,,,,,,,,0,0,0,,,,,,,,,,,,,,,,,,,,,,,,,,,,,,,FHLB_0,0,0,,,,,0,SPO_TT_2,SPO_TT_13,73519,1,Data Process successfully,2019-10-31 08:18:50.400,,,,,
239,10537,3,2,11,0,Wesley,FH-RBSS,BHL,,,,,,Wesley,Manush,2018-09-28,,,3-2-11,0,0,,,,,,,,,99,99,,,,,,,,,,,0,0,0,,,,,,,,,,,,,,,,,,,,,,,,,,,,,,,FHLA_0,0,0,,,,,0,SPO_TT_2,SPO_TT_13,73520,1,Data Process successfully,2019-10-31 08:18:50.400,,,,,
240,10538,3,2,12,0,Wesley,FH-RBSS,BHL,,,,,,Wesley,Manush,2018-09-28,,,3-2-12,0,0,,,,,,,,,99,99,,,,,,,,,,,0,0,0,,,,,,,,,,,,,,,,,,,,,,,,,,,,,,,FHLA_0,0,0,,,,,0,SPO_TT_2,SPO_TT_13,73521,1,Data Process successfully,2019-10-31 08:18:50.400,,,,,
241,10539,3,2,13,0,Manush,SH-OS,BHL,,,,,,Wesley,Manush,2018-09-28,,,3-2-13,0,0,,,,,,,,,99,99,,,,,,,,,,,0,0,0,,,,,,,,,,,,,,,,,,,,,,,,,,,,,,,FHLB_0,0,0,,,,,0,SPO_TT_2,SPO_TT_13,73522,1,Data Process successfully,2019-10-31 08:18:50.400,,,,,
242,10540,3,2,14,0,Manush,FH-SSS,BHL,,,,,,Wesley,Manush,2018-09-28,,,3-2-14,0,0,,,,,,,,,99,99,,,,,,,,,,,0,0,0,,,,,,,,,,,,,,,,,,,,,,,,,,,,,,,FHLB_0,0,0,,,,,0,SPO_TT_2,SPO_TT_13,73523,1,Data Process successfully,2019-10-31 08:18:50.400,,,,,
243,10541,3,2,15,0,Wesley,FH-SBS,BHL,,,,,,Wesley,Manush,2018-09-28,,,3-2-15,0,0,,,,,,,,,99,99,,,,,,,,,,,0,0,0,,,,,,,,,,,,,,,,,,,,,,,,,,,,,,,FHLA_0,0,0,,,,,0,SPO_TT_2,SPO_TT_13,73524,1,Data Process successfully,2019-10-31 08:18:50.400,,,,,
244,10542,3,2,16,0,Wesley,FH-SBL,BHL,,,,,,Wesley,Manush,2018-09-28,,,3-2-16,0,0,,,,,,,,,99,99,,,,,,,,,,,0,0,0,,,,,,,,,,,,,,,,,,,,,,,,,,,,,,,FHLA_0,0,0,,,,,0,SPO_TT_2,SPO_TT_13,73525,1,Data Process successfully,2019-10-31 08:18:50.400,,,,,
245,10543,3,2,17,0,Manush,FH-BSL,BHL,,,,,,Wesley,Manush,2018-09-28,,,3-2-17,0,0,,,,,,,,,99,99,,,,,,,,,,,0,0,0,,,,,,,,,,,,,,,,,,,,,,,,,,,,,,,FHLB_0,0,0,,,,,0,SPO_TT_2,SPO_TT_13,73526,1,Data Process successfully,2019-10-31 08:18:50.400,,,,,
246,10544,3,2,18,0,Manush,FH-RSSO,BHL,,,,,,Wesley,Manush,2018-09-28,,,3-2-18,0,0,,,,,,,,,99,99,,,,,,,,,,,0,0,0,,,,,,,,,,,,,,,,,,,,,,,,,,,,,,,FHLB_0,0,0,,,,,0,SPO_TT_2,SPO_TT_13,73527,1,Data Process successfully,2019-10-31 08:18:50.400,,,,,
247,10545,3,2,19,0,Wesley,FH-BSS,BHL,,,,,,Wesley,Manush,2018-09-28,,,3-2-19,0,0,,,,,,,,,99,99,,,,,,,,,,,0,0,0,,,,,,,,,,,,,,,,,,,,,,,,,,,,,,,FHLA_0,0,0,,,,,0,SPO_TT_2,SPO_TT_13,73528,1,Data Process successfully,2019-10-31 08:18:50.400,,,,,
248,10546,3,3,1,0,Wesley,FH-BSS,BHL,,,,,,Wesley,Manush,2018-09-28,,,3-3-1,0,0,,,,,,,,,99,99,,,,,,,,,,,0,0,0,,,,,,,,,,,,,,,,,,,,,,,,,,,,,,,FHLA_0,0,0,,,,,0,SPO_TT_2,SPO_TT_13,73529,1,Data Process successfully,2019-10-31 08:18:50.400,,,,,
249,10547,3,3,2,0,Wesley,FH-RBSS,BHL,,,,,,Wesley,Manush,2018-09-28,,,3-3-2,0,0,,,,,,,,,99,99,,,,,,,,,,,0,0,0,,,,,,,,,,,,,,,,,,,,,,,,,,,,,,,FHLA_0,0,0,,,,,0,SPO_TT_2,SPO_TT_13,73530,1,Data Process successfully,2019-10-31 08:18:50.400,,,,,
250,10548,3,3,3,0,Manush,FH-BSL,BHL,,,,,,Wesley,Manush,2018-09-28,,,3-3-3,0,0,,,,,,,,,99,99,,,,,,,,,,,0,0,0,,,,,,,,,,,,,,,,,,,,,,,,,,,,,,,FHLB_0,0,0,,,,,0,SPO_TT_2,SPO_TT_13,73531,1,Data Process successfully,2019-10-31 08:18:50.400,,,,,
251,10549,3,3,4,0,Manush,SH-NSS,BHL,,,,,,Wesley,Manush,2018-09-28,,,3-3-4,0,0,,,,,,,,,99,99,,,,,,,,,,,0,0,0,,,,,,,,,,,,,,,,,,,,,,,,,,,,,,,FHLB_0,0,0,,,,,0,SPO_TT_2,SPO_TT_13,73532,1,Data Process successfully,2019-10-31 08:18:50.400,,,,,
252,10550,3,3,5,0,Wesley,FH-RBSS,BHL,,,,,,Wesley,Manush,2018-09-28,,,3-3-5,0,0,,,,,,,,,99,99,,,,,,,,,,,0,0,0,,,,,,,,,,,,,,,,,,,,,,,,,,,,,,,FHLA_0,0,0,,,,,0,SPO_TT_2,SPO_TT_13,73533,1,Data Process successfully,2019-10-31 08:18:50.400,,,,,
253,10551,3,3,6,0,Wesley,FH-BSS,BHL,,,,,,Wesley,Manush,2018-09-28,,,3-3-6,0,0,,,,,,,,,99,99,,,,,,,,,,,0,0,0,,,,,,,,,,,,,,,,,,,,,,,,,,,,,,,FHLA_0,0,0,,,,,0,SPO_TT_2,SPO_TT_13,73534,1,Data Process successfully,2019-10-31 08:18:50.400,,,,,
254,10552,3,3,7,0,Manush,SH-OL,BHL,,,,,,Wesley,Manush,2018-09-28,,,3-3-7,0,0,,,,,,,,,99,99,,,,,,,,,,,0,0,0,,,,,,,,,,,,,,,,,,,,,,,,,,,,,,,FHLB_0,0,0,,,,,0,SPO_TT_2,SPO_TT_13,73535,1,Data Process successfully,2019-10-31 08:18:50.400,,,,,
255,10553,3,3,8,0,Manush,FH-BSS,BHL,,,,,,Wesley,Manush,2018-09-28,,,3-3-8,0,0,,,,,,,,,99,99,,,,,,,,,,,0,0,0,,,,,,,,,,,,,,,,,,,,,,,,,,,,,,,FHLB_0,0,0,,,,,0,SPO_TT_2,SPO_TT_13,73536,1,Data Process successfully,2019-10-31 08:18:50.400,,,,,
256,10554,3,3,9,0,Wesley,SE,BHL,,,,,,Wesley,Manush,2018-09-28,,,3-3-9,0,0,,,,,,,,,99,99,,,,,,,,,,,0,0,0,,,,,,,,,,,,,,,,,,,,,,,,,,,,,,,FHLA_0,0,0,,,,,0,SPO_TT_2,SPO_TT_13,73537,1,Data Process successfully,2019-10-31 08:18:50.400,,,,,
257,10555,3,3,10,0,Wesley,FH-RBSS,BHL,,,,,,Wesley,Manush,2018-09-28,,,3-3-10,0,0,,,,,,,,,99,99,,,,,,,,,,,0,0,0,,,,,,,,,,,,,,,,,,,,,,,,,,,,,,,FHLA_0,0,0,,,,,0,SPO_TT_2,SPO_TT_13,73538,1,Data Process successfully,2019-10-31 08:18:50.400,,,,,
258,10556,3,3,11,0,Manush,FH-BSL,BHL,,,,,,Wesley,Manush,2018-09-28,,,3-3-11,0,0,,,,,,,,,99,99,,,,,,,,,,,0,0,0,,,,,,,,,,,,,,,,,,,,,,,,,,,,,,,FHLB_0,0,0,,,,,0,SPO_TT_2,SPO_TT_13,73539,1,Data Process successfully,2019-10-31 08:18:50.400,,,,,
259,10557,3,3,12,0,Manush,SH-OS,BHL,,,,,,Wesley,Manush,2018-09-28,,,3-3-12,0,0,,,,,,,,,99,99,,,,,,,,,,,0,0,0,,,,,,,,,,,,,,,,,,,,,,,,,,,,,,,FHLB_0,0,0,,,,,0,SPO_TT_2,SPO_TT_13,73540,1,Data Process successfully,2019-10-31 08:18:50.400,,,,,
260,10558,3,3,13,0,Wesley,FH-BSS,BHL,,,,,,Wesley,Manush,2018-09-28,,,3-3-13,0,0,,,,,,,,,99,99,,,,,,,,,,,0,0,0,,,,,,,,,,,,,,,,,,,,,,,,,,,,,,,FHLA_0,0,0,,,,,0,SPO_TT_2,SPO_TT_13,73541,1,Data Process successfully,2019-10-31 08:18:50.400,,,,,
261,10559,3,3,14,0,Wesley,FH-SBS,BHL,,,,,,Wesley,Manush,2018-09-28,,,3-3-14,0,0,,,,,,,,,99,99,,,,,,,,,,,0,0,0,,,,,,,,,,,,,,,,,,,,,,,,,,,,,,,FHLA_0,0,0,,,,,0,SPO_TT_2,SPO_TT_13,73542,1,Data Process successfully,2019-10-31 08:18:50.400,,,,,
262,10560,3,3,15,0,Manush,FH-SBS,BHL,,,,,,Wesley,Manush,2018-09-28,,,3-3-15,0,0,,,,,,,,,99,99,,,,,,,,,,,0,0,0,,,,,,,,,,,,,,,,,,,,,,,,,,,,,,,FHLB_0,0,0,,,,,0,SPO_TT_2,SPO_TT_13,73543,1,Data Process successfully,2019-10-31 08:18:50.400,,,,,
263,10561,3,3,16,0,Manush,FH-SBS,BHL,,,,,,Wesley,Manush,2018-09-28,,,3-3-16,0,0,,,,,,,,,99,99,,,,,,,,,,,0,0,0,,,,,,,,,,,,,,,,,,,,,,,,,,,,,,,FHLB_0,0,0,,,,,0,SPO_TT_2,SPO_TT_13,73544,1,Data Process successfully,2019-10-31 08:18:50.400,,,,,
264,10562,3,3,17,0,Wesley,FH-RBSL,BHL,,,,,,Wesley,Manush,2018-09-28,,,3-3-17,0,0,,,,,,,,,99,99,,,,,,,,,,,0,0,0,,,,,,,,,,,,,,,,,,,,,,,,,,,,,,,FHLA_0,0,0,,,,,0,SPO_TT_2,SPO_TT_13,73545,1,Data Process successfully,2019-10-31 08:18:50.400,,,,,
265,10563,3,3,18,0,Wesley,FH-SSL,BHL,,,,,,Wesley,Manush,2018-09-28,,,3-3-18,0,0,,,,,,,,,99,99,,,,,,,,,,,0,0,0,,,,,,,,,,,,,,,,,,,,,,,,,,,,,,,FHLA_0,0,0,,,,,0,SPO_TT_2,SPO_TT_13,73546,1,Data Process successfully,2019-10-31 08:18:50.400,,,,,
266,10564,3,3,19,0,Manush,FH-NSL,BHL,,,,,,Wesley,Manush,2018-09-28,,,3-3-19,0,0,,,,,,,,,99,99,,,,,,,,,,,0,0,0,,,,,,,,,,,,,,,,,,,,,,,,,,,,,,,FHLB_0,0,0,,,,,0,SPO_TT_2,SPO_TT_13,73547,1,Data Process successfully,2019-10-31 08:18:50.400,,,,,
267,10565,3,3,20,0,Manush,FH-SSL,BHL,,,,,,Wesley,Manush,2018-09-28,,,3-3-20,0,0,,,,,,,,,99,99,,,,,,,,,,,0,0,0,,,,,,,,,,,,,,,,,,,,,,,,,,,,,,,FHLB_0,0,0,,,,,0,SPO_TT_2,SPO_TT_13,73548,1,Data Process successfully,2019-10-31 08:18:50.400,,,,,
